-- MySQL dump 10.13  Distrib 8.0.23, for Win64 (x86_64)
--
-- Host: localhost    Database: vk
-- ------------------------------------------------------
-- Server version	8.0.23

/*!40101 SET @OLD_CHARACTER_SET_CLIENT=@@CHARACTER_SET_CLIENT */;
/*!40101 SET @OLD_CHARACTER_SET_RESULTS=@@CHARACTER_SET_RESULTS */;
/*!40101 SET @OLD_COLLATION_CONNECTION=@@COLLATION_CONNECTION */;
/*!50503 SET NAMES utf8mb4 */;
/*!40103 SET @OLD_TIME_ZONE=@@TIME_ZONE */;
/*!40103 SET TIME_ZONE='+00:00' */;
/*!40014 SET @OLD_UNIQUE_CHECKS=@@UNIQUE_CHECKS, UNIQUE_CHECKS=0 */;
/*!40014 SET @OLD_FOREIGN_KEY_CHECKS=@@FOREIGN_KEY_CHECKS, FOREIGN_KEY_CHECKS=0 */;
/*!40101 SET @OLD_SQL_MODE=@@SQL_MODE, SQL_MODE='NO_AUTO_VALUE_ON_ZERO' */;
/*!40111 SET @OLD_SQL_NOTES=@@SQL_NOTES, SQL_NOTES=0 */;

--
-- Table structure for table `communities`
--

DROP TABLE IF EXISTS `communities`;
/*!40101 SET @saved_cs_client     = @@character_set_client */;
/*!50503 SET character_set_client = utf8mb4 */;
CREATE TABLE `communities` (
  `id` int unsigned NOT NULL AUTO_INCREMENT COMMENT 'Идентификатор сроки',
  `name` varchar(150) CHARACTER SET utf8mb4 COLLATE utf8mb4_unicode_ci NOT NULL COMMENT 'Название группы',
  `created_at` datetime DEFAULT CURRENT_TIMESTAMP COMMENT 'Время создания строки',
  `updated_at` datetime DEFAULT CURRENT_TIMESTAMP ON UPDATE CURRENT_TIMESTAMP COMMENT 'Время обновления строки',
  PRIMARY KEY (`id`),
  UNIQUE KEY `name` (`name`)
) ENGINE=InnoDB AUTO_INCREMENT=101 DEFAULT CHARSET=utf8mb4 COLLATE=utf8mb4_unicode_ci COMMENT='Группы';
/*!40101 SET character_set_client = @saved_cs_client */;

--
-- Dumping data for table `communities`
--

LOCK TABLES `communities` WRITE;
/*!40000 ALTER TABLE `communities` DISABLE KEYS */;
INSERT INTO `communities` VALUES (1,'consectetur','2010-11-19 00:02:23','2021-04-16 22:34:17'),(2,'earum','2010-11-19 00:02:23','2021-04-16 22:34:17'),(3,'non','2010-10-25 00:02:42','2021-04-16 22:34:18'),(4,'libero','2010-11-19 00:02:23','2021-04-16 22:34:17'),(5,'commodi','2010-10-25 00:02:42','2021-04-16 22:34:18'),(6,'ex','2010-10-25 00:02:42','2021-04-16 22:34:18'),(7,'aut','2010-10-25 00:02:42','2021-04-16 22:34:18'),(8,'eum','2010-11-19 00:02:23','2021-04-16 22:34:17'),(9,'nesciunt','2010-10-25 00:02:42','2021-04-16 22:34:18'),(10,'magnam','2010-11-19 00:02:23','2021-04-16 22:34:17'),(11,'nobis','2010-11-19 00:02:23','2021-04-16 22:34:17'),(12,'ut','2010-10-25 00:02:42','2021-04-16 22:34:18'),(13,'quod','2012-10-19 00:00:00','2021-04-16 22:34:20'),(14,'ea','2010-11-19 00:02:23','2021-04-16 22:34:17'),(15,'molestiae','2010-11-19 00:02:23','2021-04-16 22:34:17'),(16,'qui','2010-10-25 00:02:42','2021-04-16 22:34:18'),(17,'doloremque','2010-11-19 00:02:23','2021-04-16 22:34:17'),(18,'ipsam','2010-11-19 00:02:23','2021-04-16 22:34:17'),(19,'quae','2010-10-25 00:02:42','2021-04-16 22:34:18'),(20,'et','2015-09-17 00:00:00','2021-04-16 22:34:20'),(21,'animi','2010-10-25 00:02:42','2021-04-16 22:34:18'),(22,'ipsum','2010-11-19 00:02:23','2021-04-16 22:34:17'),(23,'voluptatum','2010-11-19 00:02:23','2021-04-16 22:34:17'),(24,'veritatis','2010-11-19 00:02:23','2021-04-16 22:34:17'),(25,'ullam','2010-11-19 00:02:23','2021-04-16 22:34:17'),(26,'praesentium','2018-05-30 00:00:00','2021-04-16 22:34:20'),(27,'ipsa','2010-11-19 00:02:23','2021-04-16 22:34:17'),(28,'sit','2010-10-25 00:02:42','2021-04-16 22:34:18'),(29,'hic','2010-10-25 00:02:42','2021-04-16 22:34:18'),(30,'voluptas','2010-11-19 00:02:23','2021-04-16 22:34:17');
/*!40000 ALTER TABLE `communities` ENABLE KEYS */;
UNLOCK TABLES;

--
-- Table structure for table `communities_users`
--

DROP TABLE IF EXISTS `communities_users`;
/*!40101 SET @saved_cs_client     = @@character_set_client */;
/*!50503 SET character_set_client = utf8mb4 */;
CREATE TABLE `communities_users` (
  `community_id` int unsigned NOT NULL COMMENT 'Ссылка на группу',
  `user_id` int unsigned NOT NULL COMMENT 'Ссылка на пользователя',
  `created_at` datetime DEFAULT CURRENT_TIMESTAMP COMMENT 'Время создания строки',
  PRIMARY KEY (`community_id`,`user_id`) COMMENT 'Составной первичный ключ'
) ENGINE=InnoDB DEFAULT CHARSET=utf8mb4 COLLATE=utf8mb4_unicode_ci COMMENT='Участники групп, связь между пользователями и группами';
/*!40101 SET character_set_client = @saved_cs_client */;

--
-- Dumping data for table `communities_users`
--

LOCK TABLES `communities_users` WRITE;
/*!40000 ALTER TABLE `communities_users` DISABLE KEYS */;
INSERT INTO `communities_users` VALUES (1,34,'2021-04-16 22:32:14'),(1,62,'2021-04-16 22:32:14'),(2,19,'2021-04-16 22:32:14'),(2,90,'2021-04-16 22:32:14'),(3,21,'2021-04-16 22:32:14'),(3,55,'2021-04-16 22:32:14'),(3,85,'2021-04-16 22:32:14'),(4,43,'2021-04-16 22:32:14'),(4,64,'2021-04-16 22:32:14'),(4,66,'2021-04-16 22:32:14'),(5,9,'2021-04-16 22:32:14'),(5,32,'2021-04-16 22:32:14'),(5,37,'2021-04-16 22:32:14'),(5,41,'2021-04-16 22:32:14'),(5,71,'2021-04-16 22:32:14'),(6,46,'2021-04-16 22:32:14'),(6,95,'2021-04-16 22:32:14'),(7,31,'2021-04-16 22:32:14'),(7,32,'2021-04-16 22:32:14'),(7,46,'2021-04-16 22:32:14'),(7,60,'2021-04-16 22:32:14'),(7,81,'2021-04-16 22:32:14'),(7,98,'2021-04-16 22:32:14'),(8,4,'2021-04-16 22:32:14'),(8,11,'2021-04-16 22:32:14'),(8,67,'2021-04-16 22:32:14'),(9,40,'2021-04-16 22:32:14'),(9,43,'2021-04-16 22:32:14'),(9,76,'2021-04-16 22:32:14'),(9,80,'2021-04-16 22:32:14'),(10,25,'2021-04-16 22:32:14'),(10,38,'2021-04-16 22:32:14'),(10,71,'2021-04-16 22:32:14'),(10,86,'2021-04-16 22:32:14'),(10,95,'2021-04-16 22:32:14'),(10,100,'2021-04-16 22:32:14'),(11,7,'2021-04-16 22:32:14'),(11,10,'2021-04-16 22:32:14'),(11,11,'2021-04-16 22:32:14'),(11,63,'2021-04-16 22:32:14'),(11,87,'2021-04-16 22:32:14'),(11,99,'2021-04-16 22:32:14'),(12,81,'2021-04-16 22:32:14'),(12,91,'2021-04-16 22:32:14'),(13,49,'2021-04-16 22:32:14'),(13,72,'2021-04-16 22:32:14'),(14,1,'2021-04-16 22:32:14'),(14,19,'2021-04-16 22:32:14'),(14,34,'2021-04-16 22:32:14'),(14,91,'2021-04-16 22:32:14'),(15,10,'2021-04-16 22:32:14'),(15,47,'2021-04-16 22:32:14'),(15,82,'2021-04-16 22:32:14'),(16,11,'2021-04-16 22:32:14'),(16,32,'2021-04-16 22:32:14'),(16,49,'2021-04-16 22:32:14'),(17,19,'2021-04-16 22:32:14'),(17,62,'2021-04-16 22:32:14'),(17,83,'2021-04-16 22:32:14'),(18,7,'2021-04-16 22:32:14'),(18,40,'2021-04-16 22:32:14'),(18,46,'2021-04-16 22:32:14'),(18,48,'2021-04-16 22:32:14'),(18,57,'2021-04-16 22:32:14'),(18,64,'2021-04-16 22:32:14'),(18,87,'2021-04-16 22:32:14'),(19,2,'2021-04-16 22:32:14'),(19,5,'2021-04-16 22:32:14'),(19,31,'2021-04-16 22:32:14'),(19,64,'2021-04-16 22:32:14'),(19,65,'2021-04-16 22:32:14'),(19,81,'2021-04-16 22:32:14'),(19,85,'2021-04-16 22:32:14'),(21,38,'2021-04-16 22:32:14'),(21,45,'2021-04-16 22:32:14'),(22,70,'2021-04-16 22:32:14'),(23,92,'2021-04-16 22:32:14'),(24,31,'2021-04-16 22:32:14'),(24,54,'2021-04-16 22:32:14'),(24,67,'2021-04-16 22:32:14'),(25,33,'2021-04-16 22:32:14'),(25,51,'2021-04-16 22:32:14'),(25,81,'2021-04-16 22:32:14'),(26,1,'2021-04-16 22:32:14'),(26,15,'2021-04-16 22:32:14'),(26,28,'2021-04-16 22:32:14'),(26,36,'2021-04-16 22:32:14'),(26,37,'2021-04-16 22:32:14'),(26,84,'2021-04-16 22:32:14'),(28,20,'2021-04-16 22:32:14'),(28,26,'2021-04-16 22:32:14'),(28,58,'2021-04-16 22:32:14'),(28,68,'2021-04-16 22:32:14'),(29,23,'2021-04-16 22:32:14'),(29,49,'2021-04-16 22:32:14'),(29,74,'2021-04-16 22:32:14'),(30,9,'2021-04-16 22:32:14'),(30,61,'2021-04-16 22:32:14'),(30,71,'2021-04-16 22:32:14'),(30,91,'2021-04-16 22:32:14');
/*!40000 ALTER TABLE `communities_users` ENABLE KEYS */;
UNLOCK TABLES;

--
-- Table structure for table `friendship`
--

DROP TABLE IF EXISTS `friendship`;
/*!40101 SET @saved_cs_client     = @@character_set_client */;
/*!50503 SET character_set_client = utf8mb4 */;
CREATE TABLE `friendship` (
  `user_id` int unsigned NOT NULL COMMENT 'Ссылка на инициатора дружеских отношений',
  `friend_id` int unsigned NOT NULL COMMENT 'Ссылка на получателя приглашения дружить',
  `friendship_status_id` int unsigned NOT NULL COMMENT 'Ссылка на статус (текущее состояние) отношений',
  `confirmed_at` datetime DEFAULT NULL COMMENT 'Время подтверждения приглашения',
  `created_at` datetime DEFAULT CURRENT_TIMESTAMP COMMENT 'Время создания строки',
  `updated_at` datetime DEFAULT CURRENT_TIMESTAMP ON UPDATE CURRENT_TIMESTAMP COMMENT 'Время обновления строки',
  PRIMARY KEY (`user_id`,`friend_id`) COMMENT 'Составной первичный ключ'
) ENGINE=InnoDB DEFAULT CHARSET=utf8mb4 COLLATE=utf8mb4_unicode_ci COMMENT='Таблица дружбы';
/*!40101 SET character_set_client = @saved_cs_client */;

--
-- Dumping data for table `friendship`
--

LOCK TABLES `friendship` WRITE;
/*!40000 ALTER TABLE `friendship` DISABLE KEYS */;
INSERT INTO `friendship` VALUES (1,31,2,'2011-11-18 00:02:23','2011-11-17 00:02:23','2021-04-16 22:27:22'),(1,65,2,'2011-10-24 00:02:42','2011-10-24 00:02:42','2021-04-16 22:28:35'),(3,7,2,'2011-11-18 00:02:23','2011-11-17 00:02:23','2021-04-16 22:27:22'),(3,27,3,'2011-11-18 00:02:23','2011-11-17 00:02:23','2021-04-16 22:27:22'),(4,63,3,'2011-11-18 00:02:23','2011-11-17 00:02:23','2021-04-16 22:27:22'),(6,35,2,'2011-11-18 00:02:23','2011-11-17 00:02:23','2021-04-16 22:27:22'),(8,12,1,'2011-11-18 00:02:23','2011-10-24 00:02:42','2021-04-16 22:28:34'),(8,55,3,'2011-10-24 00:02:42','2018-11-04 00:00:00','2021-04-16 22:28:35'),(9,51,2,'2011-11-18 00:02:23','2011-11-17 00:02:23','2021-04-16 22:27:22'),(9,98,2,'2011-10-24 00:02:42','2011-10-24 00:02:42','2021-04-16 22:28:35'),(10,50,3,'2011-11-18 00:02:23','2011-11-17 00:02:23','2021-04-16 22:27:22'),(14,92,3,'2011-11-18 00:02:23','2011-10-24 00:02:42','2021-04-16 22:28:34'),(16,7,1,'2011-11-18 00:02:23','2011-10-24 00:02:42','2021-04-16 22:28:34'),(16,31,2,'2019-10-12 00:00:00','2011-10-24 00:02:42','2021-04-16 22:27:19'),(16,93,3,'2011-11-18 00:02:23','2011-11-17 00:02:23','2021-04-16 22:27:22'),(17,6,3,'2011-11-18 00:02:23','2011-10-24 00:02:42','2021-04-16 22:28:34'),(17,15,2,'2011-10-24 00:02:42','2011-10-24 00:02:42','2021-04-16 22:28:35'),(18,10,2,'2011-10-24 00:02:42','2011-10-24 00:02:42','2021-04-16 22:28:35'),(20,15,2,'2011-11-18 00:02:23','2011-11-17 00:02:23','2021-04-16 22:27:22'),(20,48,3,'2011-11-18 00:02:23','2016-01-27 00:00:00','2021-04-16 22:28:34'),(21,96,3,'2011-10-24 00:02:42','2013-08-24 00:00:00','2021-04-16 22:28:35'),(23,10,1,'2011-11-18 00:02:23','2011-11-17 00:02:23','2021-04-16 22:27:22'),(23,85,2,'2011-11-18 00:02:23','2011-11-17 00:02:23','2021-04-16 22:27:22'),(25,4,1,'2011-11-18 00:02:23','2011-11-17 00:02:23','2021-04-16 22:27:22'),(25,6,3,'2011-11-18 00:02:23','2011-11-17 00:02:23','2021-04-16 22:27:22'),(25,26,2,'2011-10-24 00:02:42','2011-10-24 00:02:42','2021-04-16 22:28:35'),(25,28,1,'2011-11-18 00:02:23','2011-11-17 00:02:23','2021-04-16 22:27:22'),(25,73,1,'2011-11-18 00:02:23','2011-11-17 00:02:23','2021-04-16 22:27:22'),(25,76,1,'2011-11-18 00:02:23','2011-11-17 00:02:23','2021-04-16 22:27:22'),(26,36,2,'2011-11-18 00:02:23','2011-10-24 00:02:42','2021-04-16 22:28:34'),(27,52,1,'2011-10-24 00:02:42','2011-10-24 00:02:42','2021-04-16 22:28:35'),(28,88,3,'2011-11-18 00:02:23','2011-11-17 00:02:23','2021-04-16 22:27:22'),(29,6,1,'2011-11-18 00:02:23','2011-10-24 00:02:42','2021-04-16 22:28:34'),(32,79,3,'2011-11-18 00:02:23','2011-10-24 00:02:42','2021-04-16 22:28:34'),(33,30,3,'2011-11-18 00:02:23','2011-11-17 00:02:23','2021-04-16 22:27:22'),(33,65,3,'2011-10-24 00:02:42','2014-11-28 00:00:00','2021-04-16 22:28:35'),(33,76,1,'2021-04-06 00:00:00','2011-10-24 00:02:42','2021-04-16 22:27:19'),(35,53,1,'2011-10-24 00:02:42','2011-10-24 00:02:42','2021-04-16 22:28:35'),(39,58,3,'2011-11-18 00:02:23','2011-11-17 00:02:23','2021-04-16 22:27:22'),(39,59,1,'2011-11-18 00:02:23','2011-11-17 00:02:23','2021-04-16 22:27:22'),(40,98,3,'2011-11-18 00:02:23','2011-10-24 00:02:42','2021-04-16 22:28:34'),(41,29,1,'2011-11-18 00:02:23','2011-11-17 00:02:23','2021-04-16 22:27:22'),(41,58,3,'2011-02-10 00:00:00','2011-10-24 00:02:42','2021-04-16 22:27:19'),(41,59,3,'2011-10-24 00:02:42','2014-11-16 00:00:00','2021-04-16 22:28:35'),(41,69,2,'2011-11-18 00:02:23','2011-10-24 00:02:42','2021-04-16 22:28:34'),(43,16,2,'2011-10-24 00:02:42','2011-10-24 00:02:42','2021-04-16 22:28:35'),(43,97,2,'2011-11-18 00:02:23','2011-10-24 00:02:42','2021-04-16 22:28:34'),(46,18,2,'2011-11-18 00:02:23','2011-11-17 00:02:23','2021-04-16 22:27:22'),(46,50,2,'2011-10-24 00:02:42','2020-04-24 00:00:00','2021-04-16 22:28:35'),(47,16,1,'2011-11-18 00:02:23','2011-11-17 00:02:23','2021-04-16 22:27:22'),(47,65,1,'2011-11-18 00:02:23','2011-10-24 00:02:42','2021-04-16 22:28:34'),(49,81,1,'2011-11-18 00:02:23','2017-12-12 00:00:00','2021-04-16 22:28:34'),(49,93,2,'2011-11-18 00:02:23','2011-10-24 00:02:42','2021-04-16 22:28:34'),(50,58,1,'2011-10-24 00:02:42','2011-10-24 00:02:42','2021-04-16 22:28:35'),(50,78,3,'2011-11-18 00:02:23','2011-11-17 00:02:23','2021-04-16 22:27:22'),(51,63,3,'2011-11-18 00:02:23','2011-11-17 00:02:23','2021-04-16 22:27:22'),(53,17,1,'2011-10-24 00:02:42','2011-10-24 00:02:42','2021-04-16 22:28:35'),(53,100,1,'2011-10-24 00:02:42','2017-11-21 00:00:00','2021-04-16 22:28:35'),(54,12,1,'2011-11-18 00:02:23','2011-11-17 00:02:23','2021-04-16 22:27:22'),(55,56,1,'2011-11-18 00:02:23','2011-11-17 00:02:23','2021-04-16 22:27:22'),(55,70,3,'2019-08-07 00:00:00','2011-10-24 00:02:42','2021-04-16 22:27:19'),(56,24,3,'2011-11-18 00:02:23','2013-08-06 00:00:00','2021-04-16 22:28:34'),(56,39,3,'2011-10-24 00:02:42','2011-10-24 00:02:42','2021-04-16 22:28:35'),(56,100,2,'2011-11-18 00:02:23','2011-10-24 00:02:42','2021-04-16 22:28:34'),(57,91,3,'2011-11-18 00:02:23','2011-10-24 00:02:42','2021-04-16 22:28:34'),(59,36,1,'2011-11-18 00:02:23','2011-11-17 00:02:23','2021-04-16 22:27:22'),(60,5,3,'2011-10-24 00:02:42','2011-10-24 00:02:42','2021-04-16 22:28:35'),(60,10,2,'2011-11-18 00:02:23','2011-11-17 00:02:23','2021-04-16 22:27:22'),(60,59,2,'2011-11-18 00:02:23','2011-11-17 00:02:23','2021-04-16 22:27:22'),(63,43,2,'2011-11-18 00:02:23','2011-10-24 00:02:42','2021-04-16 22:28:34'),(66,45,3,'2011-10-24 00:02:42','2011-10-24 00:02:42','2021-04-16 22:28:35'),(67,49,3,'2011-11-18 00:02:23','2011-11-17 00:02:23','2021-04-16 22:27:22'),(68,13,1,'2015-03-03 00:00:00','2014-08-15 00:00:00','2021-04-16 22:18:32'),(70,18,2,'2011-10-24 00:02:42','2010-03-29 00:00:00','2021-04-16 22:28:35'),(71,76,3,'2011-10-24 00:02:42','2020-12-15 00:00:00','2021-04-16 22:28:35'),(73,68,1,'2011-11-18 00:02:23','2011-10-24 00:02:42','2021-04-16 22:28:34'),(73,81,3,'2011-11-18 00:02:23','2011-11-17 00:02:23','2021-04-16 22:27:22'),(74,93,2,'2011-11-18 00:02:23','2011-11-17 00:02:23','2021-04-16 22:27:22'),(78,32,3,'2011-11-18 00:02:23','2011-11-17 00:02:23','2021-04-16 22:27:22'),(78,62,2,'2015-09-21 00:00:00','2011-10-24 00:02:42','2021-04-16 22:27:19'),(79,18,2,'2011-10-24 00:02:42','2014-12-12 00:00:00','2021-04-16 22:28:35'),(79,74,1,'2011-11-18 00:02:23','2010-06-24 00:00:00','2021-04-16 22:28:34'),(80,45,2,'2011-11-18 00:02:23','2011-11-17 00:02:23','2021-04-16 22:27:22'),(82,63,3,'2011-11-18 00:02:23','2020-02-28 00:00:00','2021-04-16 22:28:34'),(84,9,1,'2011-11-18 00:02:23','2011-11-17 00:02:23','2021-04-16 22:27:22'),(84,48,1,'2011-11-18 00:02:23','2011-11-17 00:02:23','2021-04-16 22:27:22'),(84,79,3,'2012-09-05 00:00:00','2011-05-05 00:00:00','2021-04-16 22:18:32'),(84,91,1,'2011-11-18 00:02:23','2011-11-17 00:02:23','2021-04-16 22:27:22'),(84,99,3,'2011-10-24 00:02:42','2014-02-01 00:00:00','2021-04-16 22:28:35'),(85,91,1,'2011-11-18 00:02:23','2011-11-17 00:02:23','2021-04-16 22:27:22'),(86,34,1,'2011-11-18 00:02:23','2011-10-24 00:02:42','2021-04-16 22:28:34'),(87,91,1,'2011-10-24 00:02:42','2011-10-24 00:02:42','2021-04-16 22:28:35'),(91,33,3,'2011-11-18 00:02:23','2011-10-24 00:02:42','2021-04-16 22:28:34'),(92,62,3,'2011-11-18 00:02:23','2011-11-17 00:02:23','2021-04-16 22:27:22'),(94,98,2,'2010-07-03 00:00:00','2011-10-24 00:02:42','2021-04-16 22:27:19'),(95,44,3,'2011-01-06 00:00:00','2011-10-24 00:02:42','2021-04-16 22:27:19'),(95,45,1,'2011-11-18 00:02:23','2011-10-24 00:02:42','2021-04-16 22:28:34'),(99,89,3,'2011-11-18 00:02:23','2011-10-24 00:02:42','2021-04-16 22:28:34'),(100,27,1,'2011-11-18 00:02:23','2011-10-24 00:02:42','2021-04-16 22:28:34'),(100,62,3,'2011-11-18 00:02:23','2011-10-24 00:02:42','2021-04-16 22:28:34');
/*!40000 ALTER TABLE `friendship` ENABLE KEYS */;
UNLOCK TABLES;

--
-- Table structure for table `friendship_statuses`
--

DROP TABLE IF EXISTS `friendship_statuses`;
/*!40101 SET @saved_cs_client     = @@character_set_client */;
/*!50503 SET character_set_client = utf8mb4 */;
CREATE TABLE `friendship_statuses` (
  `id` int unsigned NOT NULL AUTO_INCREMENT COMMENT 'Идентификатор строки',
  `name` varchar(150) CHARACTER SET utf8mb4 COLLATE utf8mb4_unicode_ci NOT NULL COMMENT 'Название статуса',
  `created_at` datetime DEFAULT CURRENT_TIMESTAMP COMMENT 'Время создания строки',
  `updated_at` datetime DEFAULT CURRENT_TIMESTAMP ON UPDATE CURRENT_TIMESTAMP COMMENT 'Время обновления строки',
  PRIMARY KEY (`id`),
  UNIQUE KEY `name` (`name`)
) ENGINE=InnoDB AUTO_INCREMENT=4 DEFAULT CHARSET=utf8mb4 COLLATE=utf8mb4_unicode_ci COMMENT='Статусы дружбы';
/*!40101 SET character_set_client = @saved_cs_client */;

--
-- Dumping data for table `friendship_statuses`
--

LOCK TABLES `friendship_statuses` WRITE;
/*!40000 ALTER TABLE `friendship_statuses` DISABLE KEYS */;
INSERT INTO `friendship_statuses` VALUES (1,'requested','2021-04-16 22:18:21','2021-04-16 22:18:21'),(2,'confirmed','2021-04-16 22:18:21','2021-04-16 22:18:21'),(3,'rejected','2021-04-16 22:18:21','2021-04-16 22:18:21');
/*!40000 ALTER TABLE `friendship_statuses` ENABLE KEYS */;
UNLOCK TABLES;

--
-- Table structure for table `media`
--

DROP TABLE IF EXISTS `media`;
/*!40101 SET @saved_cs_client     = @@character_set_client */;
/*!50503 SET character_set_client = utf8mb4 */;
CREATE TABLE `media` (
  `id` int unsigned NOT NULL AUTO_INCREMENT COMMENT 'Идентификатор сроки',
  `user_id` int unsigned NOT NULL COMMENT 'Ссылка на пользователя, который загрузил файл',
  `filename` varchar(255) CHARACTER SET utf8mb4 COLLATE utf8mb4_unicode_ci NOT NULL COMMENT 'Путь к файлу',
  `size` int NOT NULL COMMENT 'Размер файла',
  `metadata` json DEFAULT NULL,
  `media_type_id` int unsigned NOT NULL COMMENT 'Ссылка на тип контента',
  `created_at` datetime DEFAULT CURRENT_TIMESTAMP COMMENT 'Время создания строки',
  `updated_at` datetime DEFAULT CURRENT_TIMESTAMP ON UPDATE CURRENT_TIMESTAMP COMMENT 'Время обновления строки',
  PRIMARY KEY (`id`),
  CONSTRAINT `media_chk_1` CHECK (json_valid(`metadata`))
) ENGINE=InnoDB AUTO_INCREMENT=151 DEFAULT CHARSET=utf8mb4 COLLATE=utf8mb4_unicode_ci COMMENT='Медиафайлы';
/*!40101 SET character_set_client = @saved_cs_client */;

--
-- Dumping data for table `media`
--

LOCK TABLES `media` WRITE;
/*!40000 ALTER TABLE `media` DISABLE KEYS */;
INSERT INTO `media` VALUES (1,4,'http://dropbox.net/vk/Et .png',694496,'{\"owner\": \"Rex Toy\"}',1,'2012-11-17 00:02:23','2021-04-16 22:12:24'),(2,43,'http://dropbox.net/vk/Est.mp4',9375559,'{\"owner\": \"Jennifer Cummings\"}',2,'2012-10-23 00:02:42','2021-04-16 22:12:27'),(3,4,'http://dropbox.net/vk/Cor.mp4',40457338,'{\"owner\": \"Rex Toy\"}',3,'2012-10-23 00:02:42','2021-04-16 22:12:27'),(4,92,'http://dropbox.net/vk/Mag.avi',669734334,'{\"owner\": \"Dimitri Reichel\"}',1,'2012-11-17 00:02:23','2021-04-16 22:12:24'),(5,44,'http://dropbox.net/vk/Qui.mp3',431376,'{\"owner\": \"Jakayla Jones\"}',1,'2012-11-17 00:02:23','2021-04-16 22:12:24'),(6,45,'http://dropbox.net/vk/Mai.png',377192074,'{\"owner\": \"Buster Murray\"}',3,'2012-11-17 00:02:23','2021-04-16 22:12:24'),(7,94,'http://dropbox.net/vk/Inv.mp3',944794,'{\"owner\": \"Lily Rosenbaum\"}',1,'2017-06-18 06:37:18','2021-04-16 22:10:47'),(8,31,'http://dropbox.net/vk/Id .mp4',463251,'{\"owner\": \"Ferne Torphy\"}',1,'2012-10-23 00:02:42','2021-04-16 22:12:27'),(9,76,'http://dropbox.net/vk/Ist.mp3',75494,'{\"owner\": \"Chadrick Feest\"}',3,'2012-10-23 00:02:42','2021-04-16 22:12:27'),(10,84,'http://dropbox.net/vk/Sun.mp3',6590,'{\"owner\": \"Karli Waelchi\"}',3,'2012-10-23 00:02:42','2021-04-16 22:12:27'),(11,94,'http://dropbox.net/vk/Asp.avi',419843,'{\"owner\": \"Lily Rosenbaum\"}',3,'2012-10-23 00:02:42','2021-04-16 22:12:27'),(12,15,'http://dropbox.net/vk/Qui.mp3',254832,'{\"owner\": \"Juanita Wuckert\"}',1,'2012-10-23 00:02:42','2021-04-16 22:12:27'),(13,92,'http://dropbox.net/vk/Del.jpeg',1004631,'{\"owner\": \"Dimitri Reichel\"}',3,'2012-10-23 00:02:42','2021-04-16 22:12:27'),(14,15,'http://dropbox.net/vk/Ver.mp3',248659,'{\"owner\": \"Juanita Wuckert\"}',1,'2012-11-17 00:02:23','2021-04-16 22:12:24'),(15,99,'http://dropbox.net/vk/Rep.png',684513016,'{\"owner\": \"Lee Kassulke\"}',3,'2012-11-17 00:02:23','2021-04-16 22:12:24'),(16,48,'http://dropbox.net/vk/Et .avi',699711393,'{\"owner\": \"Anissa Muller\"}',1,'2012-11-17 00:02:23','2021-04-16 22:12:24'),(17,41,'http://dropbox.net/vk/Pla.png',1996,'{\"owner\": \"Hipolito Schinner\"}',3,'2012-10-23 00:02:42','2021-04-16 22:12:27'),(18,64,'http://dropbox.net/vk/Et .avi',219404,'{\"owner\": \"Cristal Zboncak\"}',2,'2012-10-23 00:02:42','2021-04-16 22:12:27'),(19,95,'http://dropbox.net/vk/Ips.avi',743075,'{\"owner\": \"Mabel Parisian\"}',2,'2021-02-26 21:27:53','2021-04-16 22:10:47'),(20,83,'http://dropbox.net/vk/Dic.mp3',78198,'{\"owner\": \"Retha Leannon\"}',1,'2012-10-23 00:02:42','2021-04-16 22:12:27'),(21,30,'http://dropbox.net/vk/Exp.avi',8110365,'{\"owner\": \"Irving Dach\"}',2,'2012-10-23 00:02:42','2021-04-16 22:12:27'),(22,1,'http://dropbox.net/vk/Exp.png',341042,'{\"owner\": \"Colby Stiedemann\"}',3,'2012-11-17 00:02:23','2021-04-16 22:12:24'),(23,14,'http://dropbox.net/vk/Ali.mp4',834727399,'{\"owner\": \"Adelbert Romaguera\"}',1,'2012-11-17 00:02:23','2021-04-16 22:12:24'),(24,66,'http://dropbox.net/vk/Rer.mp3',61696403,'{\"owner\": \"Hobart Fay\"}',2,'2019-06-01 05:43:31','2021-04-16 22:10:47'),(25,86,'http://dropbox.net/vk/Ver.png',37000,'{\"owner\": \"Susan Block\"}',2,'2012-10-23 00:02:42','2021-04-16 22:12:27'),(26,33,'http://dropbox.net/vk/Qui.mp4',7197,'{\"owner\": \"Francis Zboncak\"}',1,'2012-11-17 00:02:23','2021-04-16 22:12:24'),(27,8,'http://dropbox.net/vk/Ill.png',151875,'{\"owner\": \"Rudy Labadie\"}',2,'2012-10-23 00:02:42','2021-04-16 22:12:27'),(28,40,'http://dropbox.net/vk/Ut .mp3',73469,'{\"owner\": \"Elmer Schimmel\"}',1,'2012-10-23 00:02:42','2021-04-16 22:12:27'),(29,76,'http://dropbox.net/vk/Rer.mp4',554972,'{\"owner\": \"Chadrick Feest\"}',1,'2014-07-16 15:16:29','2021-04-16 22:10:47'),(30,60,'http://dropbox.net/vk/Ut .mp4',638377,'{\"owner\": \"Martine Fay\"}',1,'2013-04-14 19:54:47','2021-04-16 22:10:47'),(31,69,'http://dropbox.net/vk/Tem.jpeg',1095028,'{\"owner\": \"Roy Rempel\"}',1,'2012-11-17 00:02:23','2021-04-16 22:12:24'),(32,66,'http://dropbox.net/vk/Omn.avi',6152077,'{\"owner\": \"Hobart Fay\"}',2,'2012-10-23 00:02:42','2021-04-16 22:12:27'),(33,22,'http://dropbox.net/vk/Cul.mp3',910467044,'{\"owner\": \"Dana Bins\"}',2,'2015-06-19 23:52:36','2021-04-16 22:10:47'),(34,14,'http://dropbox.net/vk/Nam.png',2337,'{\"owner\": \"Adelbert Romaguera\"}',1,'2012-10-23 00:02:42','2021-04-16 22:12:27'),(35,100,'http://dropbox.net/vk/Aut.mp3',748070,'{\"owner\": \"Cristopher Mertz\"}',3,'2012-11-17 00:02:23','2021-04-16 22:12:24'),(36,59,'http://dropbox.net/vk/Vol.avi',79785130,'{\"owner\": \"Billie Prosacco\"}',2,'2012-11-17 00:02:23','2021-04-16 22:12:24'),(37,96,'http://dropbox.net/vk/Rer.png',226661,'{\"owner\": \"River Cruickshank\"}',3,'2012-10-23 00:02:42','2021-04-16 22:12:27'),(38,3,'http://dropbox.net/vk/Sin.jpeg',276546128,'{\"owner\": \"Macy McKenzie\"}',2,'2012-10-23 00:02:42','2021-04-16 22:12:27'),(39,25,'http://dropbox.net/vk/Aut.avi',2029043,'{\"owner\": \"Adriana Wiegand\"}',1,'2012-11-17 00:02:23','2021-04-16 22:12:24'),(40,16,'http://dropbox.net/vk/Omn.mp4',726258,'{\"owner\": \"Marianna Brown\"}',1,'2011-05-24 22:39:24','2021-04-16 22:10:47'),(41,3,'http://dropbox.net/vk/Duc.mp4',706158,'{\"owner\": \"Macy McKenzie\"}',1,'2012-11-17 00:02:23','2021-04-16 22:12:24'),(42,68,'http://dropbox.net/vk/Lab.jpeg',342019,'{\"owner\": \"Karley Stiedemann\"}',3,'2012-11-17 00:02:23','2021-04-16 22:12:24'),(43,30,'http://dropbox.net/vk/Ut .mp3',581621,'{\"owner\": \"Irving Dach\"}',3,'2012-10-23 00:02:42','2021-04-16 22:12:27'),(44,47,'http://dropbox.net/vk/Sed.png',2791797,'{\"owner\": \"Devin Cassin\"}',1,'2012-11-17 00:02:23','2021-04-16 22:12:24'),(45,45,'http://dropbox.net/vk/Ita.mp4',7015163,'{\"owner\": \"Buster Murray\"}',3,'2018-08-15 16:36:05','2021-04-16 22:10:47'),(46,84,'http://dropbox.net/vk/Eli.mp3',872049,'{\"owner\": \"Karli Waelchi\"}',2,'2012-10-23 00:02:42','2021-04-16 22:12:27'),(47,84,'http://dropbox.net/vk/Non.mp4',605382,'{\"owner\": \"Karli Waelchi\"}',3,'2012-10-23 00:02:42','2021-04-16 22:12:27'),(48,68,'http://dropbox.net/vk/Ill.mp4',400762,'{\"owner\": \"Karley Stiedemann\"}',2,'2012-10-23 00:02:42','2021-04-16 22:12:27'),(49,87,'http://dropbox.net/vk/Fug.mp4',4993036,'{\"owner\": \"Jasmin Hintz\"}',1,'2012-10-23 00:02:42','2021-04-16 22:12:27'),(50,33,'http://dropbox.net/vk/Nul.avi',177666,'{\"owner\": \"Francis Zboncak\"}',2,'2012-10-23 00:02:42','2021-04-16 22:12:27'),(51,100,'http://dropbox.net/vk/Fug.avi',676046,'{\"owner\": \"Cristopher Mertz\"}',1,'2012-10-23 00:02:42','2021-04-16 22:12:27'),(52,100,'http://dropbox.net/vk/Qui.mp3',419274793,'{\"owner\": \"Cristopher Mertz\"}',3,'2012-10-23 00:02:42','2021-04-16 22:12:27'),(53,1,'http://dropbox.net/vk/At .mp3',837230,'{\"owner\": \"Colby Stiedemann\"}',3,'2012-10-23 00:02:42','2021-04-16 22:12:27'),(54,3,'http://dropbox.net/vk/Ut .jpeg',2845,'{\"owner\": \"Macy McKenzie\"}',2,'2010-03-14 07:16:32','2021-04-16 22:10:47'),(55,11,'http://dropbox.net/vk/Dol.mp4',45525449,'{\"owner\": \"Blaze Weimann\"}',2,'2012-11-17 00:02:23','2021-04-16 22:12:24'),(56,46,'http://dropbox.net/vk/Nam.mp3',5206361,'{\"owner\": \"Priscilla Windler\"}',3,'2012-11-17 00:02:23','2021-04-16 22:12:24'),(57,99,'http://dropbox.net/vk/Non.avi',148014,'{\"owner\": \"Lee Kassulke\"}',2,'2020-04-29 22:48:27','2021-04-16 22:10:47'),(58,54,'http://dropbox.net/vk/Aut.mp4',218380,'{\"owner\": \"Amiya Brekke\"}',1,'2012-10-23 00:02:42','2021-04-16 22:12:27'),(59,75,'http://dropbox.net/vk/Des.jpeg',88314,'{\"owner\": \"Thad Dickinson\"}',2,'2012-11-17 00:02:23','2021-04-16 22:12:24'),(60,11,'http://dropbox.net/vk/Ten.mp3',637858,'{\"owner\": \"Blaze Weimann\"}',1,'2012-11-17 00:02:23','2021-04-16 22:12:24'),(61,31,'http://dropbox.net/vk/Rep.jpeg',4959,'{\"owner\": \"Ferne Torphy\"}',1,'2012-10-23 00:02:42','2021-04-16 22:12:27'),(62,19,'http://dropbox.net/vk/Mai.mp3',7571828,'{\"owner\": \"Isabella Williamson\"}',3,'2012-10-23 00:02:42','2021-04-16 22:12:27'),(63,3,'http://dropbox.net/vk/A r.avi',524151,'{\"owner\": \"Macy McKenzie\"}',1,'2012-10-23 00:02:42','2021-04-16 22:12:27'),(64,58,'http://dropbox.net/vk/Et .png',89976,'{\"owner\": \"Wilfred Wisozk\"}',1,'2012-11-17 00:02:23','2021-04-16 22:12:24'),(65,80,'http://dropbox.net/vk/Sol.jpeg',697183,'{\"owner\": \"Alek Murray\"}',2,'2012-10-23 00:02:42','2021-04-16 22:12:27'),(66,26,'http://dropbox.net/vk/Eve.avi',2883,'{\"owner\": \"Makenna Durgan\"}',2,'2012-11-17 00:02:23','2021-04-16 22:12:24'),(67,87,'http://dropbox.net/vk/Odi.png',903462,'{\"owner\": \"Jasmin Hintz\"}',2,'2012-10-23 00:02:42','2021-04-16 22:12:27'),(68,59,'http://dropbox.net/vk/Odi.avi',841904860,'{\"owner\": \"Billie Prosacco\"}',2,'2012-10-23 00:02:42','2021-04-16 22:12:27'),(69,31,'http://dropbox.net/vk/Ut .avi',79984741,'{\"owner\": \"Ferne Torphy\"}',1,'2012-10-23 00:02:42','2021-04-16 22:12:27'),(70,78,'http://dropbox.net/vk/Mag.mp3',517544884,'{\"owner\": \"Annamae Renner\"}',3,'2014-05-24 13:24:08','2021-04-16 22:10:47'),(71,98,'http://dropbox.net/vk/Imp.mp4',87025,'{\"owner\": \"Agnes Yost\"}',3,'2015-05-13 17:50:37','2021-04-16 22:10:47'),(72,54,'http://dropbox.net/vk/Nec.mp4',1697374,'{\"owner\": \"Amiya Brekke\"}',1,'2012-11-17 00:02:23','2021-04-16 22:12:24'),(73,75,'http://dropbox.net/vk/Dis.mp4',34849,'{\"owner\": \"Thad Dickinson\"}',2,'2018-09-01 03:06:39','2021-04-16 22:10:47'),(74,14,'http://dropbox.net/vk/Eiu.jpeg',415760,'{\"owner\": \"Adelbert Romaguera\"}',3,'2012-12-24 12:33:33','2021-04-16 22:10:47'),(75,45,'http://dropbox.net/vk/Nec.mp4',358415,'{\"owner\": \"Buster Murray\"}',1,'2012-10-23 00:02:42','2021-04-16 22:12:27'),(76,80,'http://dropbox.net/vk/Pla.jpeg',8869,'{\"owner\": \"Alek Murray\"}',1,'2012-10-23 00:02:42','2021-04-16 22:12:27'),(77,67,'http://dropbox.net/vk/Fac.jpeg',8184427,'{\"owner\": \"Marcelle Daniel\"}',2,'2012-10-23 00:02:42','2021-04-16 22:12:27'),(78,95,'http://dropbox.net/vk/Seq.png',534794,'{\"owner\": \"Mabel Parisian\"}',3,'2012-11-17 00:02:23','2021-04-16 22:12:24'),(79,74,'http://dropbox.net/vk/Rep.png',588727,'{\"owner\": \"Wilhelm Kessler\"}',1,'2012-10-23 00:02:42','2021-04-16 22:12:27'),(80,83,'http://dropbox.net/vk/Qui.png',1091,'{\"owner\": \"Retha Leannon\"}',1,'2020-07-24 08:39:22','2021-04-16 22:10:47'),(81,95,'http://dropbox.net/vk/Dis.mp4',263743,'{\"owner\": \"Mabel Parisian\"}',1,'2012-10-23 00:02:42','2021-04-16 22:12:27'),(82,22,'http://dropbox.net/vk/Vol.mp4',29159,'{\"owner\": \"Dana Bins\"}',3,'2012-11-17 00:02:23','2021-04-16 22:12:24'),(83,26,'http://dropbox.net/vk/Ita.avi',73209078,'{\"owner\": \"Makenna Durgan\"}',2,'2012-10-23 00:02:42','2021-04-16 22:12:27'),(84,62,'http://dropbox.net/vk/Eos.avi',72122,'{\"owner\": \"Jeromy Christiansen\"}',1,'2012-11-17 00:02:23','2021-04-16 22:12:24'),(85,32,'http://dropbox.net/vk/Mol.mp4',4460,'{\"owner\": \"Clara Hagenes\"}',3,'2012-11-17 00:02:23','2021-04-16 22:12:24'),(86,75,'http://dropbox.net/vk/Qui.avi',329253,'{\"owner\": \"Thad Dickinson\"}',2,'2012-10-23 00:02:42','2021-04-16 22:12:27'),(87,77,'http://dropbox.net/vk/Ut .mp3',81998829,'{\"owner\": \"Sophie Collins\"}',2,'2015-01-13 10:34:39','2021-04-16 22:10:47'),(88,59,'http://dropbox.net/vk/Ad .mp4',47644,'{\"owner\": \"Billie Prosacco\"}',3,'2012-10-23 00:02:42','2021-04-16 22:12:27'),(89,63,'http://dropbox.net/vk/Nul.mp3',986046,'{\"owner\": \"Ethan Hagenes\"}',2,'2012-10-23 00:02:42','2021-04-16 22:12:27'),(90,38,'http://dropbox.net/vk/Est.jpeg',870084,'{\"owner\": \"Bria Rau\"}',3,'2012-11-17 00:02:23','2021-04-16 22:12:24'),(91,100,'http://dropbox.net/vk/Con.mp3',687766984,'{\"owner\": \"Cristopher Mertz\"}',3,'2012-06-26 17:48:26','2021-04-16 22:10:47'),(92,85,'http://dropbox.net/vk/Nul.avi',558586,'{\"owner\": \"Remington Johnson\"}',1,'2015-04-20 22:46:23','2021-04-16 22:10:47'),(93,24,'http://dropbox.net/vk/Tem.mp3',352661,'{\"owner\": \"Weldon Armstrong\"}',1,'2012-11-17 00:02:23','2021-04-16 22:12:24'),(94,67,'http://dropbox.net/vk/Qui.avi',143056,'{\"owner\": \"Marcelle Daniel\"}',3,'2020-03-19 01:13:13','2021-04-16 22:10:47'),(95,62,'http://dropbox.net/vk/Ea .jpeg',2616759,'{\"owner\": \"Jeromy Christiansen\"}',1,'2012-10-23 00:02:42','2021-04-16 22:12:27'),(96,6,'http://dropbox.net/vk/Aut.jpeg',6872,'{\"owner\": \"Adrianna Fay\"}',3,'2012-10-23 00:02:42','2021-04-16 22:12:27'),(97,45,'http://dropbox.net/vk/Fug.jpeg',39836,'{\"owner\": \"Buster Murray\"}',1,'2012-10-23 00:02:42','2021-04-16 22:12:27'),(98,7,'http://dropbox.net/vk/Aut.png',647294,'{\"owner\": \"Natalie Buckridge\"}',1,'2012-10-23 00:02:42','2021-04-16 22:12:27'),(99,99,'http://dropbox.net/vk/Ea .avi',797305,'{\"owner\": \"Lee Kassulke\"}',3,'2012-10-23 00:02:42','2021-04-16 22:12:27'),(100,73,'http://dropbox.net/vk/Con.mp4',34643,'{\"owner\": \"Cassidy Larson\"}',1,'2012-10-23 00:02:42','2021-04-16 22:12:27'),(101,69,'http://dropbox.net/vk/Lab.mp3',26043,'{\"owner\": \"Roy Rempel\"}',1,'2012-11-17 00:02:23','2021-04-16 22:12:24'),(102,26,'http://dropbox.net/vk/Des.mp4',771301,'{\"owner\": \"Makenna Durgan\"}',2,'2015-04-24 00:12:55','2021-04-16 22:07:01'),(103,22,'http://dropbox.net/vk/Non.mp3',742574,'{\"owner\": \"Dana Bins\"}',1,'2012-10-23 00:02:42','2021-04-16 22:12:27'),(104,32,'http://dropbox.net/vk/Omn.png',388970,'{\"owner\": \"Clara Hagenes\"}',1,'2013-10-21 16:47:45','2021-04-16 22:10:47'),(105,91,'http://dropbox.net/vk/Id .mp3',740054,'{\"owner\": \"Baron O\'Kon\"}',2,'2012-10-23 00:02:42','2021-04-16 22:12:27'),(106,62,'http://dropbox.net/vk/Qua.png',7919,'{\"owner\": \"Jeromy Christiansen\"}',3,'2012-11-17 00:02:23','2021-04-16 22:12:24'),(107,33,'http://dropbox.net/vk/Hic.png',707127,'{\"owner\": \"Francis Zboncak\"}',1,'2018-06-02 04:34:41','2021-04-16 22:10:47'),(108,80,'http://dropbox.net/vk/Fac.mp4',358724,'{\"owner\": \"Alek Murray\"}',1,'2012-10-23 00:02:42','2021-04-16 22:12:27'),(109,1,'http://dropbox.net/vk/In .avi',6067622,'{\"owner\": \"Colby Stiedemann\"}',3,'2012-11-17 00:02:23','2021-04-16 22:12:24'),(110,65,'http://dropbox.net/vk/Ten.png',5713,'{\"owner\": \"Lavina Strosin\"}',3,'2012-11-17 00:02:23','2021-04-16 22:12:24'),(111,21,'http://dropbox.net/vk/Cum.mp4',662242,'{\"owner\": \"Destini Koepp\"}',1,'2012-10-23 00:02:42','2021-04-16 22:12:27'),(112,11,'http://dropbox.net/vk/Et .mp3',68281832,'{\"owner\": \"Blaze Weimann\"}',2,'2012-11-17 00:02:23','2021-04-16 22:12:24'),(113,93,'http://dropbox.net/vk/Par.png',225038,'{\"owner\": \"Linnie Kassulke\"}',2,'2012-10-23 00:02:42','2021-04-16 22:12:27'),(114,28,'http://dropbox.net/vk/Qui.mp3',6003,'{\"owner\": \"Edmond Yost\"}',1,'2012-10-23 00:02:42','2021-04-16 22:12:27'),(115,60,'http://dropbox.net/vk/Qua.png',128466,'{\"owner\": \"Martine Fay\"}',1,'2015-01-24 00:09:41','2021-04-16 22:10:47'),(116,16,'http://dropbox.net/vk/Rep.jpeg',957214,'{\"owner\": \"Marianna Brown\"}',2,'2012-11-17 00:02:23','2021-04-16 22:12:24'),(117,99,'http://dropbox.net/vk/Dol.mp3',390675,'{\"owner\": \"Lee Kassulke\"}',2,'2012-08-23 10:46:42','2021-04-16 22:10:47'),(118,49,'http://dropbox.net/vk/Sin.mp4',3688623,'{\"owner\": \"Aracely Lesch\"}',3,'2012-10-23 00:02:42','2021-04-16 22:12:27'),(119,46,'http://dropbox.net/vk/Con.mp3',7823,'{\"owner\": \"Priscilla Windler\"}',1,'2012-11-17 00:02:23','2021-04-16 22:12:24'),(120,84,'http://dropbox.net/vk/Aut.png',2811806,'{\"owner\": \"Karli Waelchi\"}',3,'2012-11-17 00:02:23','2021-04-16 22:12:24'),(121,81,'http://dropbox.net/vk/Qui.png',71734,'{\"owner\": \"Germaine Will\"}',3,'2012-10-23 00:02:42','2021-04-16 22:12:27'),(122,53,'http://dropbox.net/vk/Exc.png',176645,'{\"owner\": \"Evan Deckow\"}',3,'2012-10-23 00:02:42','2021-04-16 22:12:27'),(123,22,'http://dropbox.net/vk/Rei.jpeg',27639156,'{\"owner\": \"Dana Bins\"}',3,'2014-11-12 00:48:22','2021-04-16 22:10:47'),(124,49,'http://dropbox.net/vk/Asp.mp3',88492722,'{\"owner\": \"Aracely Lesch\"}',3,'2012-11-17 00:02:23','2021-04-16 22:12:24'),(125,80,'http://dropbox.net/vk/Nul.mp3',438463,'{\"owner\": \"Alek Murray\"}',2,'2019-12-09 23:34:30','2021-04-16 22:10:47'),(126,51,'http://dropbox.net/vk/Vel.avi',658023,'{\"owner\": \"Adam Homenick\"}',2,'2012-11-17 00:02:23','2021-04-16 22:12:24'),(127,14,'http://dropbox.net/vk/Vol.mp3',7262,'{\"owner\": \"Adelbert Romaguera\"}',3,'2012-10-23 00:02:42','2021-04-16 22:12:27'),(128,19,'http://dropbox.net/vk/Dol.avi',24289439,'{\"owner\": \"Isabella Williamson\"}',3,'2012-11-17 00:02:23','2021-04-16 22:12:24'),(129,52,'http://dropbox.net/vk/Nih.mp4',74170,'{\"owner\": \"Frankie Schumm\"}',2,'2019-10-12 04:07:18','2021-04-16 22:10:47'),(130,4,'http://dropbox.net/vk/Et .mp3',750179,'{\"owner\": \"Rex Toy\"}',2,'2012-10-23 00:02:42','2021-04-16 22:12:27'),(131,61,'http://dropbox.net/vk/Per.mp3',520336809,'{\"owner\": \"Nicolette Lowe\"}',2,'2011-10-06 14:14:57','2021-04-16 22:10:47'),(132,95,'http://dropbox.net/vk/Cum.mp3',766828,'{\"owner\": \"Mabel Parisian\"}',1,'2012-11-17 00:02:23','2021-04-16 22:12:24'),(133,91,'http://dropbox.net/vk/Sit.jpeg',573605,'{\"owner\": \"Baron O\'Kon\"}',2,'2012-08-24 21:19:01','2021-04-16 22:10:47'),(134,71,'http://dropbox.net/vk/Qui.avi',25645,'{\"owner\": \"Chandler Baumbach\"}',1,'2012-10-23 00:02:42','2021-04-16 22:12:27'),(135,79,'http://dropbox.net/vk/Vol.mp4',7861,'{\"owner\": \"Sallie Hilpert\"}',3,'2012-10-23 00:02:42','2021-04-16 22:12:27'),(136,82,'http://dropbox.net/vk/Dis.mp4',557540,'{\"owner\": \"Ruben Dibbert\"}',3,'2012-11-17 00:02:23','2021-04-16 22:12:24'),(137,71,'http://dropbox.net/vk/Sin.jpeg',14186998,'{\"owner\": \"Chandler Baumbach\"}',2,'2013-02-21 03:58:11','2021-04-16 22:10:47'),(138,12,'http://dropbox.net/vk/Qui.mp3',8247542,'{\"owner\": \"Tara Renner\"}',1,'2015-10-14 10:40:08','2021-04-16 22:10:47'),(139,43,'http://dropbox.net/vk/Rer.jpeg',98045,'{\"owner\": \"Jennifer Cummings\"}',3,'2012-11-17 00:02:23','2021-04-16 22:12:24'),(140,82,'http://dropbox.net/vk/Ut .png',85685,'{\"owner\": \"Ruben Dibbert\"}',1,'2017-11-09 00:49:16','2021-04-16 22:10:47'),(141,77,'http://dropbox.net/vk/Cor.mp4',8143,'{\"owner\": \"Sophie Collins\"}',2,'2012-10-23 00:02:42','2021-04-16 22:12:27'),(142,41,'http://dropbox.net/vk/Nih.avi',7827498,'{\"owner\": \"Hipolito Schinner\"}',2,'2018-08-12 11:01:09','2021-04-16 22:10:47'),(143,72,'http://dropbox.net/vk/Odi.avi',64347478,'{\"owner\": \"Joesph Hettinger\"}',2,'2012-10-23 00:02:42','2021-04-16 22:12:27'),(144,38,'http://dropbox.net/vk/Id .avi',64012136,'{\"owner\": \"Bria Rau\"}',2,'2012-11-17 00:02:23','2021-04-16 22:12:24'),(145,71,'http://dropbox.net/vk/Sap.mp3',6943028,'{\"owner\": \"Chandler Baumbach\"}',3,'2012-04-01 07:02:27','2021-04-16 22:10:47'),(146,42,'http://dropbox.net/vk/A v.avi',5833686,'{\"owner\": \"Krystel Tromp\"}',3,'2012-11-17 00:02:23','2021-04-16 22:12:24'),(147,97,'http://dropbox.net/vk/Exc.mp3',981900859,'{\"owner\": \"Monte Hills\"}',3,'2015-07-25 03:22:44','2021-04-16 22:10:47'),(148,59,'http://dropbox.net/vk/Quo.jpeg',865176416,'{\"owner\": \"Billie Prosacco\"}',3,'2016-03-13 18:50:03','2021-04-16 22:10:47'),(149,4,'http://dropbox.net/vk/Cum.png',74277846,'{\"owner\": \"Rex Toy\"}',3,'2016-01-03 04:45:59','2021-04-16 22:10:47'),(150,44,'http://dropbox.net/vk/Mai.jpeg',49358885,'{\"owner\": \"Jakayla Jones\"}',2,'2012-10-23 00:02:42','2021-04-16 22:12:27');
/*!40000 ALTER TABLE `media` ENABLE KEYS */;
UNLOCK TABLES;

--
-- Table structure for table `media_types`
--

DROP TABLE IF EXISTS `media_types`;
/*!40101 SET @saved_cs_client     = @@character_set_client */;
/*!50503 SET character_set_client = utf8mb4 */;
CREATE TABLE `media_types` (
  `id` int unsigned NOT NULL AUTO_INCREMENT COMMENT 'Идентификатор строки',
  `name` varchar(255) CHARACTER SET utf8mb4 COLLATE utf8mb4_unicode_ci NOT NULL COMMENT 'Название типа',
  `created_at` datetime DEFAULT CURRENT_TIMESTAMP COMMENT 'Время создания строки',
  `updated_at` datetime DEFAULT CURRENT_TIMESTAMP ON UPDATE CURRENT_TIMESTAMP COMMENT 'Время обновления строки',
  PRIMARY KEY (`id`),
  UNIQUE KEY `name` (`name`)
) ENGINE=InnoDB AUTO_INCREMENT=4 DEFAULT CHARSET=utf8mb4 COLLATE=utf8mb4_unicode_ci COMMENT='Типы медиафайлов';
/*!40101 SET character_set_client = @saved_cs_client */;

--
-- Dumping data for table `media_types`
--

LOCK TABLES `media_types` WRITE;
/*!40000 ALTER TABLE `media_types` DISABLE KEYS */;
INSERT INTO `media_types` VALUES (1,'photo','2021-04-16 22:09:54','2021-04-16 22:09:54'),(2,'video','2021-04-16 22:09:54','2021-04-16 22:09:54'),(3,'audio','2021-04-16 22:09:54','2021-04-16 22:09:54');
/*!40000 ALTER TABLE `media_types` ENABLE KEYS */;
UNLOCK TABLES;

--
-- Table structure for table `messages`
--

DROP TABLE IF EXISTS `messages`;
/*!40101 SET @saved_cs_client     = @@character_set_client */;
/*!50503 SET character_set_client = utf8mb4 */;
CREATE TABLE `messages` (
  `id` int unsigned NOT NULL AUTO_INCREMENT COMMENT 'Идентификатор строки',
  `from_user_id` int unsigned NOT NULL COMMENT 'Ссылка на отправителя сообщения',
  `to_user_id` int unsigned NOT NULL COMMENT 'Ссылка на получателя сообщения',
  `body` text CHARACTER SET utf8mb4 COLLATE utf8mb4_unicode_ci NOT NULL COMMENT 'Текст сообщения',
  `is_important` tinyint(1) DEFAULT NULL COMMENT 'Признак важности',
  `is_delivered` tinyint(1) DEFAULT NULL COMMENT 'Признак доставки',
  `created_at` datetime DEFAULT CURRENT_TIMESTAMP COMMENT 'Время создания строки',
  PRIMARY KEY (`id`)
) ENGINE=InnoDB AUTO_INCREMENT=101 DEFAULT CHARSET=utf8mb4 COLLATE=utf8mb4_unicode_ci COMMENT='Сообщения';
/*!40101 SET character_set_client = @saved_cs_client */;

--
-- Dumping data for table `messages`
--

LOCK TABLES `messages` WRITE;
/*!40000 ALTER TABLE `messages` DISABLE KEYS */;
INSERT INTO `messages` VALUES (1,55,60,'Aspernatur maiores odio quasi et laboriosam nostrum. Cumque saepe fugit libero. Recusandae hic est officiis enim nihil. Quasi error ea ut eaque.',0,1,'2011-11-17 00:02:23'),(2,38,8,'Incidunt rem ipsa rerum. Vel a ipsam iste et quod. Alias et ut odio ipsum animi vel nostrum exercitationem. Doloremque velit quis omnis cupiditate.',0,1,'2020-05-12 00:29:44'),(3,24,96,'Eius esse et voluptatem non. Velit harum mollitia enim. Sapiente a ab vel et officia. Enim illo nam ad similique vitae molestiae. Eligendi eaque mollitia dolores adipisci error nesciunt.',1,0,'2011-10-23 00:02:42'),(4,7,47,'Ut earum quo provident vero dicta. Odit velit ex minima natus voluptatibus provident ratione. Eius dolorem occaecati odio aut iusto.',0,1,'2011-10-23 00:02:42'),(5,13,26,'Qui quia molestiae veniam est. Inventore eum ipsum ut hic. Sunt magni adipisci qui saepe. Architecto dolores perspiciatis ab earum non eum aspernatur.',0,1,'2011-10-23 00:02:42'),(6,88,63,'Suscipit illo debitis nostrum ab quae tempora. Hic nesciunt aperiam assumenda placeat aut. Expedita quia aut animi libero ut et et. Pariatur provident ut praesentium sit dolore ducimus ea.',0,0,'2011-10-23 00:02:42'),(7,50,61,'Sapiente et perspiciatis deleniti vel sit. Aliquam tempora in quo unde ex. Est mollitia eveniet aliquid explicabo voluptatum. Nihil et non omnis non et voluptates harum.',1,1,'2011-11-17 00:02:23'),(8,56,95,'Velit aut praesentium omnis debitis excepturi quas expedita. Tenetur laboriosam unde modi blanditiis deserunt placeat consequatur. Dolores veritatis nihil vitae voluptatem. Vel vel quo ut officiis totam.',1,1,'2011-10-23 00:02:42'),(9,5,39,'Inventore voluptates nostrum cum quia dolor et. Quia illo aut totam quia est voluptas qui. Illum voluptatibus quis rerum perferendis laborum. Possimus quas quibusdam perferendis eum mollitia odio ipsa.',0,0,'2011-10-23 00:02:42'),(10,80,82,'Vitae velit eligendi rem illo corrupti quo. Nihil explicabo veniam explicabo qui. Molestiae ab totam distinctio ad. Sunt soluta nulla maiores velit esse laudantium aut.',1,1,'2011-10-23 00:02:42'),(11,70,2,'Ratione repellendus ratione non perspiciatis voluptatem. Exercitationem non unde in. Placeat rerum inventore minus soluta. Quia aspernatur voluptate quis accusantium.',1,1,'2011-10-23 00:02:42'),(12,1,98,'Dolore rem odio et dolorem velit ipsum. Quidem sit eveniet vero voluptatum.',0,0,'2011-10-23 00:02:42'),(13,87,41,'Eos ullam voluptatum ea. Earum omnis deserunt reiciendis delectus praesentium id minus. Sint dolorem neque aperiam porro est. Veniam qui neque omnis hic.',1,0,'2011-11-17 00:02:23'),(14,42,89,'Fugiat neque unde error est at. Et velit ipsa dolor eum. Cupiditate quo rerum placeat aut sint sapiente magnam. Occaecati qui mollitia rerum et ut non.',0,0,'2011-10-23 00:02:42'),(15,16,12,'Officiis nihil quae omnis illo dolores. Sed natus a quis aut est. Dolores magni iste nulla omnis. Omnis error nostrum quod adipisci.',0,1,'2011-10-23 00:02:42'),(16,12,22,'Doloribus quia et aut incidunt odit fugiat. Dolorum repudiandae eius reiciendis praesentium ut animi necessitatibus. Qui voluptas deserunt id sequi odit laborum. Recusandae excepturi et impedit aut suscipit.',0,0,'2018-06-07 18:24:05'),(17,74,5,'Itaque aut nihil iste ipsa sit perferendis. Et laboriosam in officia. Voluptas quos veniam consectetur sit necessitatibus aut possimus.',0,0,'2015-07-31 07:22:26'),(18,3,97,'Quia inventore inventore atque consequuntur consequatur. Iste illum laudantium ipsam officia. Voluptas facilis ullam itaque doloribus quam doloremque sit. Eos voluptatem similique nihil impedit et sit.',0,1,'2011-10-23 00:02:42'),(19,75,85,'Iusto asperiores eum culpa autem saepe est tenetur. Qui ratione deserunt tenetur deleniti voluptates repellendus. Quidem sit soluta cupiditate consequatur voluptas facere. Sequi ut adipisci provident possimus ea ut.',0,0,'2011-11-17 00:02:23'),(20,99,41,'Reiciendis distinctio sint enim. Quo aut quaerat ut praesentium pariatur. Esse voluptatem ut voluptatibus sunt ut explicabo non.',1,1,'2011-11-17 00:02:23'),(21,8,17,'Quia reiciendis dolorum sed cum ut. Eum velit provident ad odit provident. Reiciendis est velit sit dolores sit similique rem.',0,1,'2011-11-17 00:02:23'),(22,59,45,'Et quos quam autem autem quia. Deserunt voluptatem necessitatibus laudantium corporis. Voluptates illum error qui cum odit voluptate et. Nisi aut nihil perferendis inventore repudiandae vero laboriosam culpa. Culpa quisquam illo tenetur neque.',0,0,'2016-07-07 05:47:19'),(23,46,94,'Quos eius modi quos est facere. Repudiandae enim voluptate a reiciendis. Et et non quod qui quis provident qui. Illum ea aut nisi sed saepe sit velit quo.',1,1,'2011-11-17 00:02:23'),(24,31,73,'Laborum totam eos vero fugit illo ut natus ducimus. Ullam adipisci iusto ipsum et. Dolorem numquam autem ut veritatis nihil.',0,0,'2011-10-23 00:02:42'),(25,70,32,'Tenetur odio nobis perferendis magni at. Quod perspiciatis quaerat dolore aut et atque. Sed est et sint iusto. Assumenda nihil pariatur qui quia quidem et est.',0,1,'2010-05-11 08:55:34'),(26,49,47,'Doloremque rerum ullam at qui. Alias eum ad cumque consequatur id impedit. Non est corporis distinctio sint aliquam qui.',0,0,'2016-04-05 03:11:08'),(27,89,5,'Qui expedita placeat minima porro corporis expedita temporibus eum. Id placeat et quidem deserunt soluta. Officiis consequatur quasi debitis mollitia possimus nostrum.',0,0,'2011-10-23 00:02:42'),(28,55,60,'Animi nisi rerum quis ex a at qui a. Unde et nisi enim. Delectus cupiditate nam eum accusantium ut beatae dolores modi. Aut quis dolores ut est sint.',1,0,'2011-10-23 00:02:42'),(29,36,100,'Temporibus nemo officiis necessitatibus aut numquam odit ducimus. Repellat sed quis minima est. Quis aut alias ex ipsa blanditiis aliquid tenetur enim. Officia et quia tempora neque.',1,1,'2011-11-17 00:02:23'),(30,89,44,'Vero quia tempore et ipsa aliquam. Placeat libero sint odit nemo. Consectetur deserunt nemo adipisci modi quo culpa.',1,0,'2011-10-23 00:02:42'),(31,52,30,'Molestiae omnis ab occaecati ut qui vitae ullam. Qui distinctio asperiores ea a excepturi delectus distinctio. Quo voluptatem in sint porro.',0,0,'2014-06-21 20:30:49'),(32,93,72,'Unde quo omnis repudiandae enim sunt corrupti. Molestiae illum autem asperiores modi est sit modi. Qui quo recusandae officia voluptatum atque fuga. Assumenda at incidunt sed voluptas temporibus.',1,0,'2011-10-23 00:02:42'),(33,82,94,'Aut ducimus sit dolores aut iste vitae. In ut incidunt et aperiam doloribus. Voluptates dicta possimus veniam velit unde eum. Et ex esse illo eius.',1,0,'2011-11-17 00:02:23'),(34,25,40,'Adipisci commodi consequatur deleniti neque fugit eaque soluta. Consequatur velit omnis in laboriosam et aut. Quidem modi aliquam recusandae debitis quas enim sunt.',1,0,'2011-10-23 00:02:42'),(35,25,4,'Et doloremque in veritatis laboriosam amet nisi. Qui earum minima aut magnam hic et necessitatibus. Beatae incidunt maxime quasi dolores.',0,1,'2011-11-17 00:02:23'),(36,43,5,'Ullam voluptatem nihil omnis. Ratione deleniti quo ut quia fugiat neque dolor iusto. Reprehenderit officia sed voluptatibus et est. Cum tempora voluptas veritatis quos ipsum natus optio. Quia id similique et quod tempore iste in.',0,0,'2011-03-11 23:00:30'),(37,95,57,'Autem ut nihil maxime hic. Quia ipsum at nihil. Consectetur porro sunt sint id vero. Laboriosam repudiandae aut suscipit quaerat est provident numquam.',0,1,'2011-10-23 00:02:42'),(38,2,39,'Quo eveniet repellat consectetur accusamus. Libero cumque voluptatem quaerat id autem ipsa. Cum excepturi officiis consectetur dolores a.',1,1,'2011-10-23 00:02:42'),(39,89,28,'Id et in aperiam facilis voluptas. Velit ut ipsa sit voluptas quo. Reprehenderit dolorem porro tempore unde ab amet ullam.',0,1,'2011-10-23 00:02:42'),(40,71,71,'Provident itaque cumque id accusantium. Sunt voluptatibus ab dolor officia. Distinctio amet aliquam dicta sed dignissimos natus.',0,1,'2011-10-23 00:02:42'),(41,43,1,'Non quia quod quisquam ex quaerat aut. Officiis odit autem pariatur. Voluptatibus possimus error asperiores recusandae unde laborum cum. Dolor culpa nihil quas.',0,1,'2011-11-17 00:02:23'),(42,75,70,'Earum explicabo et eos et. Quia non quia voluptatum iure pariatur. Aperiam sequi aspernatur nulla. Eligendi illum soluta quia debitis modi non est.',1,0,'2011-11-17 00:02:23'),(43,24,12,'Porro non vero quisquam beatae. Voluptatibus minima ut consequatur magni. Aut ab quibusdam ab rerum quod tempora. Non eos culpa quaerat sequi quia distinctio.',0,0,'2021-03-08 09:24:27'),(44,86,95,'Et temporibus expedita quis consequatur. Sit quod fugiat repudiandae nihil occaecati. Voluptas soluta dolores quos est molestias aut.',1,1,'2011-11-17 00:02:23'),(45,15,90,'Aspernatur nihil rerum placeat quis rerum. Quia alias nam molestiae ut facilis. Aut cumque est nobis exercitationem laudantium est. Cum consequatur aut eum qui beatae.',0,1,'2011-11-17 00:02:23'),(46,3,45,'Eveniet ipsa alias dolor et illum nobis. Dicta quam magnam odit quis iste qui qui. Hic sunt quibusdam ut optio.',0,1,'2011-11-17 00:02:23'),(47,17,50,'Ut dolorem ratione amet laborum quasi. Blanditiis et magnam amet asperiores non. Voluptate excepturi ex voluptatibus quas. Aut sed perspiciatis iste eligendi dicta. Illum minima culpa maxime sed.',0,1,'2011-10-23 00:02:42'),(48,100,46,'Aspernatur architecto aliquid dolore eligendi. Voluptates eveniet adipisci incidunt voluptas sit laboriosam. Amet dolorem aliquam qui consequatur sapiente. Natus et neque adipisci qui quia aperiam.',0,0,'2011-10-23 00:02:42'),(49,30,11,'Natus voluptas quia dolorem alias. In voluptas voluptas recusandae voluptas. Suscipit soluta qui voluptate. Molestiae nemo quos et.',1,1,'2011-10-23 00:02:42'),(50,65,92,'Consectetur tempore accusantium aut et. Qui est qui minus a mollitia ratione. Id alias ratione ex voluptatem non. Doloremque rerum quis cum quisquam quos sed.',0,1,'2011-10-23 00:02:42'),(51,63,40,'Eum aut eaque aliquid. Vero magni qui fuga nemo totam et ex. Omnis dolores tempora sit mollitia repellat. Voluptatem minima enim reprehenderit ea quas eius quo.',1,0,'2011-11-17 00:02:23'),(52,8,23,'Et voluptatem rerum molestiae fugit cumque. Sit deserunt autem iste quia velit et.',1,1,'2011-10-23 00:02:42'),(53,87,69,'Velit voluptatum et omnis omnis. Soluta temporibus sit culpa explicabo modi ex iste ipsa. Ut doloribus omnis animi perspiciatis est rem odit. Voluptas laborum occaecati aut et non et et. Et ipsa asperiores enim et voluptas.',1,0,'2011-11-17 00:02:23'),(54,82,3,'Est odit et et laudantium qui. Quo velit neque fuga est aliquam. Similique possimus officia numquam enim quam atque. Modi doloremque quo non tempora at unde dolores.',1,0,'2011-11-17 00:02:23'),(55,70,40,'Est omnis qui facilis similique qui qui et. Mollitia occaecati quia facere aperiam esse. Dolorum placeat nesciunt consequuntur et.',0,1,'2011-10-23 00:02:42'),(56,91,33,'Est dolorum eos voluptatem. Ut cum rerum distinctio cupiditate nihil aspernatur. Molestiae sint quia inventore sit perferendis fuga est dolor. Saepe aut nihil nemo voluptatem et asperiores.',0,0,'2018-07-18 16:32:18'),(57,92,58,'Eum placeat sed libero ea et. Qui aut iste autem est aut voluptas. Sit esse et molestias et et nobis aut fugit. Est dignissimos est veritatis et soluta sed quia maiores.',1,0,'2013-06-10 15:54:08'),(58,15,2,'Labore quis totam exercitationem alias labore excepturi. Odit ad cumque voluptatem nulla. Maiores qui et cum non sit et debitis dolores.',0,1,'2011-11-17 00:02:23'),(59,61,2,'Nulla exercitationem est possimus iste exercitationem. Animi ipsa enim consequatur ab. At et rem maiores voluptatem.',0,1,'2011-10-23 00:02:42'),(60,25,18,'Necessitatibus non minima iure aut. Nihil maiores ullam accusantium. Est accusamus a consequatur cupiditate voluptatem vel doloremque.',0,1,'2011-10-23 00:02:42'),(61,15,19,'Nulla cupiditate accusantium quis rem. Officiis ut libero qui aspernatur dolorem magni ipsa sint. Aut rem sequi quo et.',1,0,'2011-11-17 00:02:23'),(62,51,98,'Eligendi iure sunt quaerat sed in. Explicabo numquam qui rerum cum id deleniti perferendis. Molestias itaque magnam deleniti quod beatae architecto.',1,1,'2011-10-23 00:02:42'),(63,35,81,'Molestiae quia eum minus iusto est dolorem facilis. Architecto enim sapiente aperiam. Voluptas nostrum quam est aspernatur ea. Ipsum corporis sit qui recusandae.',1,1,'2011-10-23 00:02:42'),(64,1,61,'Et dolorum enim a ratione sint modi repellat. Est et inventore occaecati. Illum culpa eum voluptatum. Dignissimos quaerat distinctio earum sed id.',1,1,'2013-06-15 03:02:11'),(65,2,25,'Asperiores at omnis officia dolores iusto sed voluptas fuga. Et dolore eveniet velit et nemo nisi. Reprehenderit fugit error perspiciatis ex ut eum labore.',0,1,'2011-11-17 00:02:23'),(66,19,18,'Velit laudantium neque est ullam. Molestiae odio quod sit quasi voluptatem. Quo quos voluptate aliquam. Quaerat reprehenderit est voluptatem adipisci est.',0,0,'2011-11-17 00:02:23'),(67,32,7,'Expedita dolor qui voluptate voluptatem debitis. Et a sit ex libero. Laudantium autem eos dolorem officia perspiciatis laboriosam repellat. Dolorem est accusamus nesciunt sapiente nam laborum dolor.',1,1,'2017-08-18 04:55:30'),(68,37,63,'Perferendis illo error iure autem illum. Consectetur ut aliquid dolorum rerum quod soluta dignissimos soluta. Voluptatem ad beatae et quia.',1,0,'2012-08-31 19:55:38'),(69,5,37,'Dolorem eligendi omnis iste nesciunt est vitae blanditiis. Ea modi magni aliquam. Voluptate dolor nesciunt est error explicabo esse non repellat.',1,0,'2011-11-17 00:02:23'),(70,69,34,'Ex libero necessitatibus sunt provident sed voluptate iure. Repellat qui eveniet nihil. Blanditiis repellat amet est.',1,0,'2017-10-10 08:20:12'),(71,61,4,'Quo ad et a veritatis quae. At officia suscipit quo quis similique animi. Aliquid sit libero numquam voluptas aliquid veritatis velit ad. Tempora alias commodi qui saepe. Officiis et voluptatem eum neque maiores.',1,1,'2011-11-17 00:02:23'),(72,36,69,'Ut esse ut ipsa ratione expedita facere aut maxime. Natus possimus minus non libero voluptas est veritatis. Possimus perspiciatis ut sed pariatur eius. Veritatis aspernatur quisquam ut magni fuga sunt consequuntur.',1,0,'2011-10-23 00:02:42'),(73,34,64,'In provident sapiente placeat alias qui. Incidunt sed occaecati pariatur quis ullam in sed maxime.',1,1,'2011-11-17 00:02:23'),(74,16,90,'Aut ullam est qui voluptatem. Est quam libero qui nostrum. Error quis voluptatibus sed sed. Nisi omnis recusandae enim et dolorem qui laudantium.',1,0,'2011-10-23 00:02:42'),(75,1,34,'Veniam aperiam optio quibusdam nihil id at quia. Nisi sit quia ex ut ut sunt repellat. Sapiente eaque cum molestiae eaque enim. Quia nobis pariatur officiis est quo sapiente.',1,1,'2011-11-17 00:02:23'),(76,66,26,'Tempore repellat aliquam ea sunt quibusdam corporis nihil. Placeat a eos qui unde ad. Qui et aspernatur praesentium maiores.',0,0,'2011-10-23 00:02:42'),(77,32,82,'Ex veritatis minus ut. Qui odit unde consequatur hic quo suscipit. Qui aut quia ex rerum omnis sint eveniet magnam.',0,0,'2011-10-23 00:02:42'),(78,15,27,'Modi quia ut in rerum repudiandae quam sapiente. Tenetur veritatis nisi error perspiciatis facere omnis delectus. Et aliquam minima et nihil perspiciatis expedita.',1,0,'2012-10-02 19:45:07'),(79,90,68,'Deserunt exercitationem iure sint hic sint similique. Dolor laudantium dolores blanditiis voluptate in omnis. Voluptates reprehenderit eos nesciunt in nisi dolorem molestias voluptas. Iure iste odit reprehenderit fugit eos voluptatibus modi. Quod vel nemo eum eveniet enim.',0,0,'2011-11-17 00:02:23'),(80,69,40,'Culpa voluptatum corporis cum cum ut repellendus natus. Quisquam hic voluptatem non blanditiis quo. Sunt magni laboriosam ratione quas iure.',0,1,'2013-03-06 01:15:16'),(81,95,53,'Impedit fugiat non debitis dicta placeat laborum. Recusandae soluta dolores vel natus sint aut. Quaerat asperiores dolores qui et accusantium.',0,0,'2018-12-22 10:00:15'),(82,79,36,'Et maiores id commodi dolore ullam impedit reprehenderit voluptatem. Illo reprehenderit odit dignissimos in architecto omnis.',0,0,'2011-10-23 00:02:42'),(83,41,97,'Autem assumenda amet accusantium qui sit qui. In non totam esse sunt et sed. Eaque possimus repudiandae et sit similique qui.',0,1,'2011-10-23 00:02:42'),(84,62,17,'Reiciendis laboriosam numquam qui et accusamus. Et id consequuntur aliquid. Dolor eius magnam voluptas cupiditate eos dolor quas. Ipsam aut necessitatibus quam et.',1,1,'2011-10-23 00:02:42'),(85,1,52,'Ab est assumenda consequatur adipisci nostrum sed. Veniam porro veniam eos beatae. Voluptatum eos labore quisquam soluta dolor.',1,0,'2011-11-17 00:02:23'),(86,59,36,'Ducimus rerum repudiandae consectetur hic ut ipsam quasi. In repudiandae eum esse accusantium sint. Laboriosam nulla quo est velit sed laborum quia. Temporibus aut officiis eius et. Quae consequuntur consequatur occaecati atque error ut recusandae sint.',0,0,'2011-11-17 00:02:23'),(87,3,5,'Neque et consequatur est ullam reprehenderit. Saepe aliquid molestiae earum delectus. Eum temporibus aut eum consectetur neque eaque cumque quae. Qui accusamus laborum libero est.',0,0,'2012-08-24 08:02:42'),(88,18,73,'Occaecati autem ea velit dicta libero a sapiente. Repudiandae voluptas ut officia quam ut ut id. Repellat rerum autem quis dolor. Hic et et aperiam saepe doloribus illum.',0,1,'2018-05-25 17:19:03'),(89,13,42,'Corrupti molestias et nemo quam et velit. Doloribus nemo sint sint id. Qui est hic magni cupiditate et. Veritatis rerum doloremque maiores quasi.',0,0,'2011-10-23 00:02:42'),(90,72,31,'Ducimus ut qui optio enim aut et itaque. A porro velit accusantium aut. Neque eum et cumque aperiam autem quod explicabo. Labore rerum aut porro ullam molestiae.',0,0,'2012-09-15 01:07:34'),(91,42,14,'Non autem culpa odio est corrupti ex ad eveniet. Voluptate nostrum sint maiores minima rerum distinctio consequatur voluptates. Praesentium labore labore quia dolore. Earum eveniet sit officia nulla consectetur et quos ut.',0,0,'2011-10-23 00:02:42'),(92,44,79,'Ullam quibusdam repellat maiores aperiam deleniti sequi qui. Tenetur rerum rerum doloribus voluptas sed libero. Facere est similique qui magnam.',1,0,'2011-10-23 00:02:42'),(93,60,64,'Voluptatem maiores repellendus dolor. Et molestiae quod perferendis neque quo quod unde. Omnis officia dicta id. Ut eaque ut ut similique assumenda.',0,0,'2011-10-23 00:02:42'),(94,39,3,'Ullam distinctio minima sapiente sunt fugit. Doloremque nihil aliquid consequatur porro. Id iste ad earum nihil ipsa cum ut.',1,0,'2011-11-17 00:02:23'),(95,98,79,'Excepturi aut quis quia sed dicta totam earum. Perspiciatis ea iure perferendis quisquam sunt enim. Itaque similique aut repellendus rerum excepturi nihil eligendi.',0,0,'2011-10-23 00:02:42'),(96,100,65,'Sed ipsa est porro expedita tenetur debitis. Eum dignissimos et tempore error distinctio numquam qui. Non totam amet illum dolores quibusdam delectus consequatur. In non aut odio suscipit.',1,0,'2011-11-17 00:02:23'),(97,24,23,'Quo molestiae sunt sint culpa. Explicabo in inventore nihil aut. Suscipit quod possimus dolorem.',0,0,'2011-11-17 00:02:23'),(98,41,38,'Reiciendis accusantium unde nostrum aliquam impedit aliquid natus. Ut quia ut et molestiae alias. Ut itaque sint ut sit qui mollitia labore amet.',0,1,'2011-10-23 00:02:42'),(99,66,14,'Odio incidunt natus placeat itaque et. Quisquam est velit vel error totam maiores ratione. Alias veniam nobis omnis.',0,0,'2017-09-09 02:31:42'),(100,74,25,'Porro voluptatibus deserunt aliquam dolore eligendi quam temporibus. Ut aut tenetur ea odio sit architecto sequi. Qui in quia eos sunt quia sint. A commodi esse necessitatibus.',1,0,'2011-11-17 00:02:23');
/*!40000 ALTER TABLE `messages` ENABLE KEYS */;
UNLOCK TABLES;

--
-- Table structure for table `profiles`
--

DROP TABLE IF EXISTS `profiles`;
/*!40101 SET @saved_cs_client     = @@character_set_client */;
/*!50503 SET character_set_client = utf8mb4 */;
CREATE TABLE `profiles` (
  `user_id` int unsigned NOT NULL COMMENT 'Ссылка на пользователя',
  `gender` enum('m','f') COLLATE utf8mb4_unicode_ci DEFAULT NULL,
  `birthday` date DEFAULT NULL COMMENT 'Дата рождения',
  `city` varchar(130) CHARACTER SET utf8mb4 COLLATE utf8mb4_unicode_ci DEFAULT NULL COMMENT 'Город проживания',
  `country` varchar(130) CHARACTER SET utf8mb4 COLLATE utf8mb4_unicode_ci DEFAULT NULL COMMENT 'Страна проживания',
  `last_login` datetime DEFAULT NULL COMMENT 'Последний вход в систему',
  `created_at` datetime DEFAULT CURRENT_TIMESTAMP COMMENT 'Время создания строки',
  `updated_at` datetime DEFAULT CURRENT_TIMESTAMP ON UPDATE CURRENT_TIMESTAMP COMMENT 'Время обновления строки',
  PRIMARY KEY (`user_id`)
) ENGINE=InnoDB DEFAULT CHARSET=utf8mb4 COLLATE=utf8mb4_unicode_ci COMMENT='Профили';
/*!40101 SET character_set_client = @saved_cs_client */;

--
-- Dumping data for table `profiles`
--

LOCK TABLES `profiles` WRITE;
/*!40000 ALTER TABLE `profiles` DISABLE KEYS */;
INSERT INTO `profiles` VALUES (1,'m','2000-12-15','East Giovani','IE','2021-04-16 21:42:15','2010-11-17 00:02:43','2021-04-16 21:42:15'),(2,'m','2015-05-28','Kennethfort','PT','2021-04-16 21:42:15','2010-11-17 00:02:43','2021-04-16 21:42:15'),(3,'f','1989-10-08','New Oscar','CA','2021-04-16 21:42:15','2011-10-13 00:00:00','2021-04-16 21:42:15'),(4,'m','1976-10-17','Lake Brittanyfort','IT','2021-04-16 21:42:15','2017-11-17 00:00:00','2021-04-16 21:42:15'),(5,'f','1994-09-30','Parkerberg','GB','2021-04-16 21:42:15','2010-11-17 00:02:43','2021-04-16 21:42:15'),(6,'m','1997-08-27','Jacobsonport','DE','2021-04-16 21:42:15','2010-11-17 00:02:43','2021-04-16 21:42:15'),(7,'f','1981-07-09','Kamrynfort','GB','2021-04-16 21:42:15','2010-10-23 00:02:59','2021-04-16 21:42:15'),(8,'m','1991-03-09','Lake Joanfort','ES','2021-04-16 21:42:15','2010-11-17 00:02:43','2021-04-16 21:42:15'),(9,'f','1977-06-04','Manleyview','IT','2021-04-16 21:42:15','2010-10-23 00:02:59','2021-04-16 21:42:15'),(10,'f','2019-07-14','New Mustafa','CN','2021-04-16 21:42:15','2010-11-17 00:02:43','2021-04-16 21:42:15'),(11,'m','1971-11-25','Port Baileemouth','IN','2021-04-16 21:42:15','2010-10-23 00:02:59','2021-04-16 21:42:15'),(12,'f','2006-05-15','Friesenside','CA','2021-04-16 21:42:15','2018-04-05 00:00:00','2021-04-16 21:42:15'),(13,'m','2000-07-20','Huelborough','FR','2021-04-16 21:42:15','2010-10-23 00:02:59','2021-04-16 21:42:15'),(14,'f','2005-08-12','Marlinhaven','MX','2021-04-16 21:42:15','2010-11-17 00:02:43','2021-04-16 21:42:15'),(15,'m','2006-02-07','Arnefurt','FR','2021-04-16 21:42:15','2010-11-17 00:02:43','2021-04-16 21:42:15'),(16,'f','2014-08-07','Kuhnhaven','FR','2021-04-16 21:42:15','2010-10-23 00:02:59','2021-04-16 21:42:15'),(17,'m','1980-10-20','South Nyasia','IT','2021-04-16 21:42:15','2010-10-23 00:02:59','2021-04-16 21:42:15'),(18,'m','2004-08-13','Grantville','ES','2021-04-16 21:42:15','2010-11-17 00:02:43','2021-04-16 21:42:15'),(19,'f','2009-06-04','New Roslyn','DE','2021-04-16 21:42:15','2010-11-17 00:02:43','2021-04-16 21:42:15'),(20,'f','2000-05-17','Gutmannport','FR','2021-04-16 21:42:15','2010-10-23 00:02:59','2021-04-16 21:42:15'),(21,'f','1984-07-28','New Russport','ES','2021-04-16 21:42:15','2010-10-23 00:02:59','2021-04-16 21:42:15'),(22,'f','2016-07-17','Denesikfurt','CA','2021-04-16 21:42:15','2010-11-17 00:02:43','2021-04-16 21:42:15'),(23,'m','1970-07-14','Mayerport','DE','2021-04-16 21:42:15','2011-04-13 00:00:00','2021-04-16 21:42:15'),(24,'f','2020-02-08','Lake Johathan','GB','2021-04-16 21:42:15','2010-11-17 00:02:43','2021-04-16 21:42:15'),(25,'f','1986-12-17','Idafurt','IT','2021-04-16 21:42:15','2010-11-17 00:02:43','2021-04-16 21:42:15'),(26,'m','1980-10-28','Kunzestad','DE','2021-04-16 21:42:15','2018-10-08 00:00:00','2021-04-16 21:42:15'),(27,'m','2008-04-30','Carissaborough','FR','2021-04-16 21:42:15','2010-11-17 00:02:43','2021-04-16 21:42:15'),(28,'f','1998-08-18','Jadynmouth','FR','2021-04-16 21:42:15','2010-10-23 00:02:59','2021-04-16 21:42:15'),(29,'m','2020-08-22','Strosintown','DE','2021-04-16 21:42:15','2010-11-17 00:02:43','2021-04-16 21:42:15'),(30,'f','1998-12-14','Milesborough','MX','2021-04-16 21:42:15','2010-11-17 00:02:43','2021-04-16 21:42:15'),(31,'m','2013-01-23','East Celestine','FR','2021-04-16 21:42:15','2021-01-09 00:00:00','2021-04-16 21:42:15'),(32,'f','1986-02-11','Smithamton','PT','2021-04-16 21:42:15','2010-11-17 00:02:43','2021-04-16 21:42:15'),(33,'f','1995-07-31','McDermottchester','IN','2021-04-16 21:42:15','2010-11-17 00:02:43','2021-04-16 21:42:15'),(34,'f','1992-07-24','Isadoreview','GB','2021-04-16 21:42:15','2010-11-17 00:02:43','2021-04-16 21:42:15'),(35,'f','2000-03-22','West Olafview','PT','2021-04-16 21:42:15','2010-11-17 00:02:43','2021-04-16 21:42:15'),(36,'m','2010-02-27','Runolfssonchester','CA','2021-04-16 21:42:15','2010-11-17 00:02:43','2021-04-16 21:42:15'),(37,'f','1995-12-13','East Jalen','RU','2021-04-16 21:42:15','2010-10-23 00:02:59','2021-04-16 21:42:15'),(38,'m','2012-04-16','East Lulubury','CA','2021-04-16 21:42:15','2010-11-17 00:02:43','2021-04-16 21:42:15'),(39,'f','2005-06-19','Greenfelderton','CN','2021-04-16 21:42:15','2010-10-23 00:02:59','2021-04-16 21:42:15'),(40,'f','2016-10-07','Kuhnville','IT','2021-04-16 21:42:15','2014-12-13 00:00:00','2021-04-16 21:42:15'),(41,'m','2020-12-19','North Veda','DE','2021-04-16 21:42:15','2010-11-17 00:02:43','2021-04-16 21:42:15'),(42,'m','1971-01-06','Thurmanchester','DE','2021-04-16 21:42:15','2010-10-23 00:02:59','2021-04-16 21:42:15'),(43,'m','1995-04-02','West Camrynside','IN','2021-04-16 21:42:15','2010-10-23 00:02:59','2021-04-16 21:42:15'),(44,'m','1984-01-13','South Deiontown','PT','2021-04-16 21:42:15','2010-10-23 00:02:59','2021-04-16 21:42:15'),(45,'f','1994-06-18','Novellamouth','RU','2021-04-16 21:42:15','2011-10-02 00:00:00','2021-04-16 21:42:15'),(46,'m','1980-07-02','Ezrahaven','FR','2021-04-16 21:42:15','2010-11-17 00:02:43','2021-04-16 21:42:15'),(47,'f','1986-12-19','East Hattieport','RU','2021-04-16 21:42:15','2013-12-15 00:00:00','2021-04-16 21:42:15'),(48,'f','2015-01-06','Bogisichstad','MX','2021-04-16 21:42:15','2010-11-17 00:02:43','2021-04-16 21:42:15'),(49,'m','1995-05-07','Lake Giovannachester','RU','2021-04-16 21:42:15','2010-10-23 00:02:59','2021-04-16 21:42:15'),(50,'f','2014-12-28','Mosciskihaven','CA','2021-04-16 21:42:15','2010-10-23 00:02:59','2021-04-16 21:42:15'),(51,'m','1990-01-22','North Veronabury','CA','2021-04-16 21:42:15','2020-07-12 00:00:00','2021-04-16 21:42:15'),(52,'f','1977-11-22','Lake Zechariahville','CN','2021-04-16 21:42:15','2010-10-23 00:02:59','2021-04-16 21:42:15'),(53,'m','2005-12-05','New Jillian','PT','2021-04-16 21:42:15','2010-11-17 00:02:43','2021-04-16 21:42:15'),(54,'f','2015-01-22','Nienowfurt','IT','2021-04-16 21:42:15','2010-10-23 00:02:59','2021-04-16 21:42:15'),(55,'f','2017-05-11','Grahammouth','IN','2021-04-16 21:42:15','2010-10-23 00:02:59','2021-04-16 21:42:15'),(56,'f','1986-10-11','North Barton','CN','2021-04-16 21:42:15','2010-10-23 00:02:59','2021-04-16 21:42:15'),(57,'m','2000-07-10','Tressieshire','IT','2021-04-16 21:42:15','2010-11-17 00:02:43','2021-04-16 21:42:15'),(58,'m','2018-04-01','Kirstenstad','PT','2021-04-16 21:42:15','2010-10-23 00:02:59','2021-04-16 21:42:15'),(59,'f','1986-03-24','East Anikashire','US','2021-04-16 21:42:15','2010-10-23 00:02:59','2021-04-16 21:42:15'),(60,'m','2010-08-19','Lake Ednaview','IN','2021-04-16 21:42:15','2010-11-17 00:02:43','2021-04-16 21:42:15'),(61,'m','2008-06-04','Port Evelynchester','ES','2021-04-16 21:42:15','2010-11-17 00:02:43','2021-04-16 21:42:15'),(62,'f','1999-03-01','Treutelberg','PT','2021-04-16 21:42:15','2011-08-10 00:00:00','2021-04-16 21:42:15'),(63,'f','2016-01-04','Kristinashire','GB','2021-04-16 21:42:15','2010-10-23 00:02:59','2021-04-16 21:42:15'),(64,'f','1997-03-27','North Stevieborough','IT','2021-04-16 21:42:15','2010-11-17 00:02:43','2021-04-16 21:42:15'),(65,'f','1971-01-05','North Elwyn','FR','2021-04-16 21:42:15','2010-10-23 00:02:59','2021-04-16 21:42:15'),(66,'f','2018-04-05','Port Larue','IE','2021-04-16 21:42:15','2010-10-23 00:02:59','2021-04-16 21:42:15'),(67,'f','1984-03-30','Lake Tyriquefort','PT','2021-04-16 21:42:15','2010-11-17 00:02:43','2021-04-16 21:42:15'),(68,'f','2017-08-28','Schuppefort','GB','2021-04-16 21:42:15','2010-11-17 00:02:43','2021-04-16 21:42:15'),(69,'m','1986-01-28','North Cassandre','RU','2021-04-16 21:42:15','2020-04-20 00:00:00','2021-04-16 21:42:15'),(70,'f','2009-09-26','Madilyntown','IE','2021-04-16 21:42:15','2010-10-23 00:02:59','2021-04-16 21:42:15'),(71,'f','2005-09-08','Port Jonas','IN','2021-04-16 21:42:15','2015-12-30 00:00:00','2021-04-16 21:42:15'),(72,'m','2004-10-13','New Jackyport','US','2021-04-16 21:42:15','2010-10-23 00:02:59','2021-04-16 21:42:15'),(73,'f','1994-01-18','Kemmertown','RU','2021-04-16 21:42:15','2011-02-25 00:00:00','2021-04-16 21:42:15'),(74,'m','1985-02-19','Lake Deeberg','IT','2021-04-16 21:42:15','2013-07-24 00:00:00','2021-04-16 21:42:15'),(75,'f','2013-06-16','New Diamondbury','CA','2021-04-16 21:42:15','2010-11-17 00:02:43','2021-04-16 21:42:15'),(76,'f','1996-07-25','New Torrey','IE','2021-04-16 21:42:15','2010-11-17 00:02:43','2021-04-16 21:42:15'),(77,'m','2020-11-18','Feliciaview','IN','2021-04-16 21:42:15','2013-08-18 00:00:00','2021-04-16 21:42:15'),(78,'f','1993-04-20','Lisabury','ES','2021-04-16 21:42:15','2010-10-23 00:02:59','2021-04-16 21:42:15'),(79,'m','1973-01-21','South Bridget','PT','2021-04-16 21:42:15','2010-10-23 00:02:59','2021-04-16 21:42:15'),(80,'m','1988-06-24','Port Dorotheaside','CA','2021-04-16 21:42:15','2010-11-17 00:02:43','2021-04-16 21:42:15'),(81,'m','2004-09-16','Bernardbury','IN','2021-04-16 21:42:15','2010-10-23 00:02:59','2021-04-16 21:42:15'),(82,'f','1991-11-15','Port Jaden','FR','2021-04-16 21:42:15','2010-11-17 00:02:43','2021-04-16 21:42:15'),(83,'f','1984-04-08','Kreigerborough','DE','2021-04-16 21:42:15','2010-11-17 00:02:43','2021-04-16 21:42:15'),(84,'m','1988-06-12','Port Weldon','CA','2021-04-16 21:42:15','2010-10-23 00:02:59','2021-04-16 21:42:15'),(85,'f','2010-05-01','New Kaylah','IT','2021-04-16 21:42:15','2010-10-23 00:02:59','2021-04-16 21:42:15'),(86,'f','2011-07-21','Genevievebury','GB','2021-04-16 21:42:15','2010-10-23 00:02:59','2021-04-16 21:42:15'),(87,'m','1982-10-02','Durganville','US','2021-04-16 21:42:15','2010-11-17 00:02:43','2021-04-16 21:42:15'),(88,'m','2018-12-25','Hesselview','FR','2021-04-16 21:42:15','2010-11-17 00:02:43','2021-04-16 21:42:15'),(89,'m','2018-06-30','Bertport','DE','2021-04-16 21:42:15','2010-10-23 00:02:59','2021-04-16 21:42:15'),(90,'m','1985-03-31','Rosannaview','IN','2021-04-16 21:42:15','2013-04-07 00:00:00','2021-04-16 21:42:15'),(91,'f','2006-02-14','Sallyton','RU','2021-04-16 21:42:15','2015-07-05 00:00:00','2021-04-16 21:42:15'),(92,'f','2017-06-24','New Mabel','RU','2021-04-16 21:42:15','2010-11-17 00:02:43','2021-04-16 21:42:15'),(93,'m','1977-11-26','West Gladyce','PT','2021-04-16 21:42:15','2010-11-17 00:02:43','2021-04-16 21:42:15'),(94,'m','2006-07-25','Lake Shad','CA','2021-04-16 21:42:15','2010-10-23 00:02:59','2021-04-16 21:42:15'),(95,'f','2019-02-19','West Broderickchester','IN','2021-04-16 21:42:15','2012-12-16 00:00:00','2021-04-16 21:42:15'),(96,'m','1982-04-22','Delbertton','CA','2021-04-16 21:42:15','2010-10-23 00:02:59','2021-04-16 21:42:15'),(97,'m','1972-02-08','Leschborough','DE','2020-04-30 00:00:00','2012-08-08 00:00:00','2014-11-23 00:00:00'),(98,'f','1974-08-19','Kerlukeshire','IE','2021-04-16 21:42:15','2010-11-17 00:02:43','2021-04-16 21:42:15'),(99,'m','2002-01-15','North Marques','ES','2021-04-16 21:42:15','2010-10-23 00:02:59','2021-04-16 21:42:15'),(100,'f','1999-05-04','North Kevin','PT','2021-04-16 21:42:15','2010-11-17 00:02:43','2021-04-16 21:42:15');
/*!40000 ALTER TABLE `profiles` ENABLE KEYS */;
UNLOCK TABLES;

--
-- Table structure for table `users`
--

DROP TABLE IF EXISTS `users`;
/*!40101 SET @saved_cs_client     = @@character_set_client */;
/*!50503 SET character_set_client = utf8mb4 */;
CREATE TABLE `users` (
  `id` int unsigned NOT NULL AUTO_INCREMENT COMMENT 'Идентификатор строки',
  `first_name` varchar(100) CHARACTER SET utf8mb4 COLLATE utf8mb4_unicode_ci NOT NULL COMMENT 'Имя пользователя',
  `last_name` varchar(100) CHARACTER SET utf8mb4 COLLATE utf8mb4_unicode_ci NOT NULL COMMENT 'Фамилия пользователя',
  `email` varchar(100) CHARACTER SET utf8mb4 COLLATE utf8mb4_unicode_ci NOT NULL COMMENT 'Почта',
  `phone` varchar(100) CHARACTER SET utf8mb4 COLLATE utf8mb4_unicode_ci NOT NULL COMMENT 'Телефон',
  `created_at` datetime DEFAULT CURRENT_TIMESTAMP COMMENT 'Время создания строки',
  `updated_at` datetime DEFAULT CURRENT_TIMESTAMP ON UPDATE CURRENT_TIMESTAMP COMMENT 'Время обновления строки',
  PRIMARY KEY (`id`),
  UNIQUE KEY `email` (`email`),
  UNIQUE KEY `phone` (`phone`)
) ENGINE=InnoDB AUTO_INCREMENT=101 DEFAULT CHARSET=utf8mb4 COLLATE=utf8mb4_unicode_ci COMMENT='Пользователи';
/*!40101 SET character_set_client = @saved_cs_client */;

--
-- Dumping data for table `users`
--

LOCK TABLES `users` WRITE;
/*!40000 ALTER TABLE `users` DISABLE KEYS */;
INSERT INTO `users` VALUES (1,'Colby','Stiedemann','natalie.hagenes@example.net','1-411-051-8188x16818','2010-10-23 00:02:42','2021-04-16 21:27:37'),(2,'Nova','Weber','von.nathan@example.org','(433)462-1749','2010-10-23 00:02:42','2021-04-16 21:27:37'),(3,'Macy','McKenzie','eladio.walker@example.com','1-093-717-9803','2010-11-17 00:02:23','2021-04-16 21:25:52'),(4,'Rex','Toy','enienow@example.net','(103)890-9839x759','2018-05-04 00:00:00','2021-04-16 21:14:00'),(5,'Rudy','Murphy','rconn@example.org','(267)047-6973x2735','2010-10-23 00:02:42','2021-04-16 21:27:37'),(6,'Adrianna','Fay','dulce.haag@example.net','873.705.5346','2010-10-23 00:02:42','2021-04-16 21:27:37'),(7,'Natalie','Buckridge','hilll.dillan@example.org','172-952-9180','2016-09-07 00:00:00','2021-04-16 21:14:00'),(8,'Rudy','Labadie','ngraham@example.org','(025)871-5026','2010-11-17 00:02:23','2021-04-16 21:25:52'),(9,'Isabell','Rolfson','summer05@example.org','(715)636-6793x732','2010-11-17 00:02:23','2021-04-16 21:25:52'),(10,'Cleora','Spinka','emurphy@example.com','(046)922-0145','2010-09-09 00:00:00','2021-04-16 21:14:00'),(11,'Blaze','Weimann','oerdman@example.net','06908739317','2010-07-29 00:00:00','2021-04-16 21:14:00'),(12,'Tara','Renner','valentina.pouros@example.org','+47(6)9975683766','2010-10-23 00:02:42','2021-04-16 21:27:37'),(13,'Talon','Luettgen','nolan.carter@example.org','(392)714-2587','2010-10-23 00:02:42','2021-04-16 21:27:37'),(14,'Adelbert','Romaguera','wyman.drew@example.org','05070927712','2010-11-17 00:02:23','2021-04-16 21:25:52'),(15,'Juanita','Wuckert','gilberto.watsica@example.org','(706)253-8085','2010-10-23 00:02:42','2021-04-16 21:27:37'),(16,'Marianna','Brown','labadie.benton@example.org','02004266213','2010-10-23 00:02:42','2021-04-16 21:27:37'),(17,'Pearline','Kerluke','kasey.hauck@example.com','738.612.8814','2014-10-02 00:00:00','2021-04-16 21:14:00'),(18,'Malachi','Bernhard','sigrid.ratke@example.com','+10(4)2946868018','2010-11-17 00:02:23','2021-04-16 21:25:52'),(19,'Isabella','Williamson','samanta39@example.org','775.629.0157x831','2010-10-23 00:02:42','2021-04-16 21:27:37'),(20,'Maia','Kunze','kirlin.destin@example.org','921.890.9498x0450','2010-10-23 00:02:42','2021-04-16 21:27:37'),(21,'Destini','Koepp','louie.dickinson@example.org','1-782-631-1177x3230','2010-11-17 00:02:23','2021-04-16 21:25:52'),(22,'Dana','Bins','asatterfield@example.net','1-251-101-7817','2018-05-07 00:00:00','2021-04-16 21:14:00'),(23,'Harmony','Runte','marjory94@example.com','+19(7)1747367169','2010-10-23 00:02:42','2021-04-16 21:27:37'),(24,'Weldon','Armstrong','ukertzmann@example.com','(817)777-0491x775','2010-11-17 00:02:23','2021-04-16 21:25:52'),(25,'Adriana','Wiegand','little.joanny@example.net','1-030-807-0102','2010-01-08 00:00:00','2021-04-16 21:14:00'),(26,'Makenna','Durgan','qdurgan@example.net','708.674.8960x8407','2010-05-13 00:00:00','2021-04-16 21:14:00'),(27,'Lurline','Marvin','bart26@example.com','(867)552-6167x4613','2010-11-17 00:02:23','2021-04-16 21:25:52'),(28,'Edmond','Yost','rice.adonis@example.org','(000)853-1416','2010-10-23 00:02:42','2021-04-16 21:27:37'),(29,'Al','Hickle','anastasia.tromp@example.org','(120)068-5425x2408','2011-06-17 00:00:00','2021-04-16 21:14:00'),(30,'Irving','Dach','alva18@example.net','587.324.0100','2010-11-17 00:02:23','2021-04-16 21:25:52'),(31,'Ferne','Torphy','kkeeling@example.com','497-277-0774x335','2011-02-11 00:00:00','2020-01-22 00:00:00'),(32,'Clara','Hagenes','sydnee63@example.net','(106)940-5295','2010-11-17 00:02:23','2021-04-16 21:25:52'),(33,'Francis','Zboncak','konopelski.cathy@example.com','541.299.4165','2010-11-17 00:02:23','2021-04-16 21:25:52'),(34,'Brad','Rippin','javon21@example.org','811.798.4764x041','2010-11-17 00:02:23','2021-04-16 21:25:52'),(35,'Tremayne','Hickle','wjohns@example.org','744-577-1146x4188','2010-11-17 00:02:23','2021-04-16 21:25:52'),(36,'Celia','Casper','runolfsdottir.summer@example.org','00512682649','2018-06-18 00:00:00','2021-04-16 21:14:00'),(37,'Josefina','Denesik','victor37@example.net','1-775-097-0994','2010-10-23 00:02:42','2021-04-16 21:27:37'),(38,'Bria','Rau','abshire.fatima@example.net','(709)098-1864x3444','2010-11-17 00:02:23','2021-04-16 21:25:52'),(39,'Concepcion','Howell','glen00@example.com','(127)125-6904','2010-11-17 00:02:23','2021-04-16 21:25:52'),(40,'Elmer','Schimmel','garland.jerde@example.net','055.278.5296x912','2010-11-17 00:02:23','2021-04-16 21:25:52'),(41,'Hipolito','Schinner','lavern.aufderhar@example.org','1-945-029-9613x76354','2010-11-17 00:02:23','2021-04-16 21:25:52'),(42,'Krystel','Tromp','lueilwitz.gretchen@example.com','01657070171','2011-05-14 00:00:00','2015-04-19 00:00:00'),(43,'Jennifer','Cummings','nortiz@example.net','(717)059-6453x8219','2010-11-17 00:02:23','2021-04-16 21:25:52'),(44,'Jakayla','Jones','leonardo.lind@example.org','1-182-285-2753','2010-11-17 00:02:23','2021-04-16 21:25:52'),(45,'Buster','Murray','frami.tracey@example.net','1-283-705-0885x9995','2010-10-23 00:02:42','2021-04-16 21:27:37'),(46,'Priscilla','Windler','hbarton@example.net','354.727.3409x645','2010-11-17 00:02:23','2021-04-16 21:25:52'),(47,'Devin','Cassin','gjerde@example.net','683.291.7264','2010-11-17 00:02:23','2021-04-16 21:25:52'),(48,'Anissa','Muller','kihn.karlee@example.com','1-727-375-2590x12739','2010-11-17 00:02:23','2021-04-16 21:25:52'),(49,'Aracely','Lesch','mebert@example.com','1-008-956-1047','2010-11-17 00:02:23','2021-04-16 21:25:52'),(50,'Sean','Koch','collins.chadd@example.net','556-643-0424','2013-08-26 00:00:00','2019-06-12 00:00:00'),(51,'Adam','Homenick','eda.runte@example.net','1-650-426-8445','2010-10-23 00:02:42','2021-04-16 21:27:37'),(52,'Frankie','Schumm','hamill.macie@example.net','1-178-450-9513x472','2010-11-17 00:02:23','2021-04-16 21:25:52'),(53,'Evan','Deckow','akris@example.org','(993)210-4524x7173','2020-06-07 00:00:00','2021-04-16 21:14:00'),(54,'Amiya','Brekke','zemmerich@example.net','127-540-9979','2019-09-13 00:00:00','2021-04-16 21:14:00'),(55,'Khalil','Beatty','olson.muhammad@example.net','122-017-7232','2010-11-17 00:02:23','2021-04-16 21:25:52'),(56,'Adelia','Brekke','lea09@example.net','1-551-006-1843x766','2010-10-23 00:02:42','2021-04-16 21:27:37'),(57,'Devante','Sawayn','howell.cathy@example.org','221.612.1890x06462','2010-10-23 00:02:42','2021-04-16 21:27:37'),(58,'Wilfred','Wisozk','bauch.coby@example.org','+43(5)7950330933','2018-09-21 00:00:00','2021-04-16 21:14:00'),(59,'Billie','Prosacco','ndavis@example.com','1-782-204-2635x074','2010-10-23 00:02:42','2021-04-16 21:27:37'),(60,'Martine','Fay','schoen.raoul@example.net','948.313.7142x052','2010-10-23 00:02:42','2021-04-16 21:27:37'),(61,'Nicolette','Lowe','arlo72@example.com','02497608115','2020-12-12 00:00:00','2021-04-16 21:14:00'),(62,'Jeromy','Christiansen','hruecker@example.org','476.053.3688x01653','2010-11-17 00:02:23','2021-04-16 21:25:52'),(63,'Ethan','Hagenes','hildegard.dicki@example.org','483-234-9949x786','2010-11-17 00:02:23','2021-04-16 21:25:52'),(64,'Cristal','Zboncak','oleta.ritchie@example.net','861.038.4248x099','2010-11-17 00:02:23','2021-04-16 21:25:52'),(65,'Lavina','Strosin','noble.bahringer@example.net','(994)259-8387x537','2010-11-17 00:02:23','2021-04-16 21:25:52'),(66,'Hobart','Fay','leonie14@example.net','(680)287-3887','2013-02-22 00:00:00','2021-04-16 21:14:00'),(67,'Marcelle','Daniel','tressa.brakus@example.org','+20(6)3182434009','2010-11-17 00:02:23','2021-04-16 21:25:52'),(68,'Karley','Stiedemann','cordell70@example.net','1-475-828-1956','2010-11-17 00:02:23','2021-04-16 21:25:52'),(69,'Roy','Rempel','twunsch@example.org','077-086-0512x1921','2010-10-23 00:02:42','2021-04-16 21:27:37'),(70,'Cory','Fahey','brisa.monahan@example.com','1-020-935-0261','2012-07-29 00:00:00','2021-04-16 21:14:00'),(71,'Chandler','Baumbach','purdy.clyde@example.org','1-590-358-3775','2010-11-17 00:02:23','2021-04-16 21:25:52'),(72,'Joesph','Hettinger','murphy.eudora@example.org','08970178778','2010-10-23 00:02:42','2021-04-16 21:27:37'),(73,'Cassidy','Larson','modesta.lakin@example.com','(383)082-2621','2017-06-24 00:00:00','2021-04-16 21:14:00'),(74,'Wilhelm','Kessler','wmedhurst@example.net','537-917-8988x68907','2010-10-23 00:02:42','2021-04-16 21:27:37'),(75,'Thad','Dickinson','legros.yessenia@example.net','1-794-219-4456x4542','2010-11-17 00:02:23','2021-04-16 21:25:52'),(76,'Chadrick','Feest','adriel.tillman@example.org','00739204547','2010-10-23 00:02:42','2021-04-16 21:27:37'),(77,'Sophie','Collins','titus.gutkowski@example.org','1-214-962-7651','2014-11-15 00:00:00','2021-04-16 21:14:00'),(78,'Annamae','Renner','hackett.domenic@example.com','573.685.9911x139','2010-11-17 00:02:23','2021-04-16 21:25:52'),(79,'Sallie','Hilpert','sandra.shields@example.net','(113)643-4470','2010-11-17 00:02:23','2021-04-16 21:25:52'),(80,'Alek','Murray','garnett.baumbach@example.com','(571)885-7644','2010-09-25 00:00:00','2021-04-16 21:14:00'),(81,'Germaine','Will','angie.orn@example.net','+05(6)7741355609','2010-11-17 00:02:23','2021-04-16 21:25:52'),(82,'Ruben','Dibbert','aliyah29@example.org','+39(1)5146390186','2010-11-17 00:02:23','2021-04-16 21:25:52'),(83,'Retha','Leannon','annabel64@example.org','+22(5)3321975795','2013-04-27 00:00:00','2021-04-16 21:14:00'),(84,'Karli','Waelchi','dillon42@example.net','683-171-6219x14145','2010-10-23 00:02:42','2021-04-16 21:27:37'),(85,'Remington','Johnson','lori62@example.org','1-331-676-9775','2010-10-23 00:02:42','2021-04-16 21:27:37'),(86,'Susan','Block','deichmann@example.net','439.687.8812x7491','2010-11-17 00:02:23','2021-04-16 21:25:52'),(87,'Jasmin','Hintz','kilback.jaron@example.org','239-255-8739x5620','2012-05-29 00:00:00','2021-04-16 21:14:00'),(88,'Belle','Will','stiedemann.jonatan@example.net','717.915.8146','2019-05-15 00:00:00','2021-04-16 21:14:00'),(89,'Willow','Kunde','jerrell.herzog@example.com','838.369.6460','2010-11-17 00:02:23','2021-04-16 21:25:52'),(90,'Ricardo','Runolfsdottir','elna.lubowitz@example.com','1-223-372-0940','2010-11-17 00:02:23','2021-04-16 21:25:52'),(91,'Baron','O\'Kon','lowe.faye@example.org','173.788.4444x965','2010-10-23 00:02:42','2021-04-16 21:27:37'),(92,'Dimitri','Reichel','reinger.melba@example.com','1-579-402-8035','2010-11-17 00:02:23','2021-04-16 21:25:52'),(93,'Linnie','Kassulke','pmonahan@example.org','08514355704','2012-03-26 00:00:00','2021-04-16 21:14:00'),(94,'Lily','Rosenbaum','esperanza.fahey@example.net','768-597-8218x46761','2010-10-23 00:02:42','2021-04-16 21:27:37'),(95,'Mabel','Parisian','karley53@example.org','961.728.5126x8937','2014-12-13 00:00:00','2021-04-16 21:14:00'),(96,'River','Cruickshank','carroll.veum@example.com','(937)033-1587','2014-11-20 00:00:00','2021-04-08 00:00:00'),(97,'Monte','Hills','nadia14@example.com','04754242531','2010-11-17 00:02:23','2021-04-16 21:25:52'),(98,'Agnes','Yost','gleichner.cielo@example.net','771-809-9264x4135','2010-10-23 00:02:42','2021-04-16 21:27:37'),(99,'Lee','Kassulke','pthompson@example.org','358.021.5607x2243','2010-10-23 00:02:42','2021-04-16 21:27:37'),(100,'Cristopher','Mertz','hand.jay@example.org','+29(9)8328611656','2010-10-23 00:02:42','2021-04-16 21:27:37');
/*!40000 ALTER TABLE `users` ENABLE KEYS */;
UNLOCK TABLES;
/*!40103 SET TIME_ZONE=@OLD_TIME_ZONE */;

/*!40101 SET SQL_MODE=@OLD_SQL_MODE */;
/*!40014 SET FOREIGN_KEY_CHECKS=@OLD_FOREIGN_KEY_CHECKS */;
/*!40014 SET UNIQUE_CHECKS=@OLD_UNIQUE_CHECKS */;
/*!40101 SET CHARACTER_SET_CLIENT=@OLD_CHARACTER_SET_CLIENT */;
/*!40101 SET CHARACTER_SET_RESULTS=@OLD_CHARACTER_SET_RESULTS */;
/*!40101 SET COLLATION_CONNECTION=@OLD_COLLATION_CONNECTION */;
/*!40111 SET SQL_NOTES=@OLD_SQL_NOTES */;

-- Dump completed on 2021-04-16 23:11:50
